Date,Price,Open,High,Low
04/18/1997,1.1410,1.1343,1.1420,1.1333
04/17/1997,1.1337,1.1315,1.1361,1.1290
04/16/1997,1.1300,1.1317,1.1341,1.1280
04/15/1997,1.1313,1.1285,1.1335,1.1245
04/14/1997,1.1310,1.1365,1.1371,1.1310
04/11/1997,1.1346,1.1360,1.1384,1.1304
04/10/1997,1.1362,1.1335,1.1414,1.1324
04/09/1997,1.1327,1.1418,1.1420,1.1312
04/08/1997,1.1400,1.1425,1.1435,1.1377
04/07/1997,1.1423,1.1555,1.1555,1.1415
04/04/1997,1.1558,1.1652,1.1668,1.1558
04/03/1997,1.1655,1.1620,1.1685,1.1575
04/02/1997,1.1617,1.1660,1.1661,1.1603
04/01/1997,1.1672,1.1625,1.1676,1.1614
03/31/1997,1.1661,1.1580,1.1682,1.1580
03/28/1997,1.1578,1.1620,1.1626,1.1564
03/27/1997,1.1620,1.1499,1.1630,1.1499
03/26/1997,1.1514,1.1503,1.1524,1.1444
03/25/1997,1.1498,1.1492,1.1532,1.1469
03/24/1997,1.1508,1.1495,1.1518,1.1453
03/21/1997,1.1511,1.1475,1.1543,1.1444
03/20/1997,1.1448,1.1483,1.1586,1.1437
03/19/1997,1.1521,1.1528,1.1550,1.1484
03/18/1997,1.1550,1.1440,1.1563,1.1436
03/17/1997,1.1450,1.1445,1.1510,1.1427
03/14/1997,1.1454,1.1385,1.1472,1.1359
03/13/1997,1.1398,1.1460,1.1475,1.1367
03/12/1997,1.1432,1.1400,1.1439,1.1347
03/11/1997,1.1411,1.1415,1.1430,1.1370
03/10/1997,1.1423,1.1353,1.1425,1.1353
03/07/1997,1.1344,1.1330,1.1377,1.1293
03/06/1997,1.1343,1.1365,1.1365,1.1299
03/05/1997,1.1356,1.1350,1.1375,1.1333
03/04/1997,1.1352,1.1430,1.1452,1.1334
03/03/1997,1.1436,1.1455,1.1491,1.1423
02/28/1997,1.1468,1.1502,1.1515,1.1441
02/27/1997,1.1496,1.1495,1.1526,1.1470
02/26/1997,1.1501,1.1597,1.1627,1.1472
02/25/1997,1.1610,1.1600,1.1612,1.1553
02/24/1997,1.1599,1.1510,1.1648,1.1505
02/21/1997,1.1488,1.1495,1.1540,1.1475
02/20/1997,1.1513,1.1430,1.1522,1.1430
02/19/1997,1.1422,1.1480,1.1529,1.1400
02/18/1997,1.1502,1.1450,1.1506,1.1389
02/17/1997,1.1450,1.1479,1.1509,1.1420
02/14/1997,1.1508,1.1535,1.1567,1.1479
02/13/1997,1.1544,1.1580,1.1610,1.1515
02/12/1997,1.1550,1.1598,1.1646,1.1505
02/11/1997,1.1609,1.1722,1.1725,1.1608
02/10/1997,1.1721,1.1800,1.1809,1.1709
02/07/1997,1.1710,1.1746,1.1747,1.1594
02/06/1997,1.1746,1.1790,1.1790,1.1722
02/05/1997,1.1798,1.1771,1.1800,1.1723
02/04/1997,1.1761,1.1798,1.1811,1.1756
02/03/1997,1.1784,1.1770,1.1797,1.1713
01/31/1997,1.1796,1.1830,1.1875,1.1765
01/30/1997,1.1826,1.1785,1.1865,1.1775
01/29/1997,1.1786,1.1740,1.1851,1.1703
01/28/1997,1.1772,1.1763,1.1826,1.1704
01/27/1997,1.1825,1.1860,1.1877,1.1798
01/24/1997,1.1887,1.1870,1.1929,1.1835
01/23/1997,1.1838,1.1869,1.1906,1.1801
01/22/1997,1.1865,1.1968,1.1968,1.1841
01/21/1997,1.1952,1.1997,1.2047,1.1952
01/20/1997,1.1984,1.2065,1.2066,1.1944
01/17/1997,1.2045,1.2200,1.2200,1.2045
01/16/1997,1.2202,1.2243,1.2257,1.2168
01/15/1997,1.2241,1.2205,1.2247,1.2141
01/14/1997,1.2202,1.2240,1.2269,1.2162
01/13/1997,1.2239,1.2272,1.2297,1.2199
01/10/1997,1.2250,1.2337,1.2343,1.2237
01/09/1997,1.2331,1.2320,1.2363,1.2283
01/08/1997,1.2330,1.2378,1.2419,1.2299
01/07/1997,1.2403,1.2411,1.2458,1.2393
01/06/1997,1.2406,1.2325,1.2424,1.2320
01/03/1997,1.2359,1.2511,1.2529,1.2341
01/02/1997,1.2528,1.2527,1.2559,1.2457
12/31/1996,1.2538,1.2404,1.2567,1.2400
12/30/1996,1.2417,1.2411,1.2431,1.2376
12/27/1996,1.2415,1.2405,1.2422,1.2330
12/26/1996,1.2402,1.2407,1.2407,1.2371
12/25/1996,1.2388,1.2405,1.2405,1.2388
12/24/1996,1.2390,1.2405,1.2425,1.2359
12/23/1996,1.2394,1.2403,1.2433,1.2371
12/20/1996,1.2407,1.2349,1.2437,1.2341
12/19/1996,1.2348,1.2410,1.2412,1.2305
12/18/1996,1.2405,1.2428,1.2463,1.2373
12/17/1996,1.2418,1.2498,1.2519,1.2416
12/16/1996,1.2472,1.2418,1.2515,1.2396
12/13/1996,1.2428,1.2485,1.2539,1.2415
12/12/1996,1.2502,1.2523,1.2526,1.2447
12/11/1996,1.2519,1.2440,1.2546,1.2440
12/10/1996,1.2406,1.2405,1.2452,1.2390
12/09/1996,1.2401,1.2450,1.2473,1.2386
12/06/1996,1.2474,1.2407,1.2594,1.2407
12/05/1996,1.2431,1.2400,1.2467,1.2346
12/04/1996,1.2391,1.2390,1.2427,1.2344
12/03/1996,1.2414,1.2505,1.2505,1.2334
12/02/1996,1.2500,1.2548,1.2567,1.2497
11/29/1996,1.2540,1.2577,1.2602,1.2531
11/28/1996,1.2589,1.2611,1.2629,1.2547
11/27/1996,1.2624,1.2638,1.2671,1.2595
11/26/1996,1.2637,1.2676,1.2686,1.2596
11/25/1996,1.2656,1.2690,1.2749,1.2652
11/22/1996,1.2753,1.2837,1.2842,1.2745
11/21/1996,1.2829,1.2839,1.2847,1.2765
11/20/1996,1.2843,1.2762,1.2862,1.2762
11/19/1996,1.2763,1.2795,1.2799,1.2756
11/18/1996,1.2787,1.2747,1.2811,1.2728
11/15/1996,1.2726,1.2720,1.2757,1.2710
11/14/1996,1.2703,1.2746,1.2757,1.2690
11/13/1996,1.2725,1.2695,1.2752,1.2665
11/12/1996,1.2696,1.2815,1.2821,1.2685
11/11/1996,1.2781,1.2727,1.2793,1.2702
11/08/1996,1.2714,1.2657,1.2728,1.2647
11/07/1996,1.2663,1.2733,1.2742,1.2657
11/06/1996,1.2627,1.2647,1.2669,1.2584
11/05/1996,1.2625,1.2708,1.2713,1.2603
11/04/1996,1.2690,1.2655,1.2693,1.2646
11/01/1996,1.2662,1.2642,1.2700,1.2605
10/31/1996,1.2642,1.2684,1.2703,1.2634
10/30/1996,1.2693,1.2683,1.2731,1.2645
10/29/1996,1.2673,1.2613,1.2715,1.2598
10/28/1996,1.2610,1.2586,1.2634,1.2575
10/25/1996,1.2604,1.2619,1.2645,1.2566
10/24/1996,1.2624,1.2582,1.2635,1.2565
10/23/1996,1.2587,1.2578,1.2621,1.2540
10/22/1996,1.2540,1.2519,1.2558,1.2505
10/21/1996,1.2515,1.2475,1.2526,1.2446
10/18/1996,1.2477,1.2437,1.2489,1.2431
10/17/1996,1.2439,1.2464,1.2483,1.2413
10/16/1996,1.2473,1.2464,1.2491,1.2430
10/15/1996,1.2465,1.2540,1.2542,1.2453
10/14/1996,1.2529,1.2520,1.2550,1.2505
10/11/1996,1.2519,1.2525,1.2540,1.2498
10/10/1996,1.2517,1.2527,1.2535,1.2489
10/09/1996,1.2520,1.2508,1.2538,1.2498
10/08/1996,1.2510,1.2492,1.2552,1.2490
10/07/1996,1.2497,1.2477,1.2512,1.2475
10/04/1996,1.2469,1.2482,1.2511,1.2463
10/03/1996,1.2475,1.2453,1.2500,1.2445
10/02/1996,1.2457,1.2486,1.2532,1.2454
10/01/1996,1.2480,1.2512,1.2532,1.2480
09/30/1996,1.2504,1.2502,1.2520,1.2475
09/27/1996,1.2502,1.2540,1.2559,1.2491
09/26/1996,1.2536,1.2599,1.2626,1.2515
09/25/1996,1.2600,1.2662,1.2666,1.2582
09/24/1996,1.2663,1.2586,1.2667,1.2555
09/23/1996,1.2578,1.2522,1.2600,1.2522
09/20/1996,1.2540,1.2515,1.2560,1.2478
09/19/1996,1.2523,1.2557,1.2565,1.2502
09/18/1996,1.2550,1.2521,1.2591,1.2511
09/17/1996,1.2520,1.2545,1.2555,1.2500
09/16/1996,1.2542,1.2515,1.2557,1.2496
09/13/1996,1.2502,1.2515,1.2540,1.2479
09/12/1996,1.2514,1.2544,1.2558,1.2498
09/11/1996,1.2526,1.2545,1.2562,1.2499
09/10/1996,1.2526,1.2606,1.2621,1.2519
09/09/1996,1.2618,1.2650,1.2689,1.2614
09/06/1996,1.2654,1.2705,1.2725,1.2647
09/05/1996,1.2694,1.2741,1.2752,1.2685
09/04/1996,1.2737,1.2702,1.2750,1.2691
09/03/1996,1.2700,1.2680,1.2728,1.2646
09/02/1996,1.2681,1.2721,1.2738,1.2662
08/30/1996,1.2730,1.2748,1.2770,1.2690
08/29/1996,1.2736,1.2735,1.2753,1.2700
08/28/1996,1.2738,1.2718,1.2753,1.2701
08/27/1996,1.2728,1.2737,1.2780,1.2719
08/26/1996,1.2716,1.2728,1.2756,1.2713
08/23/1996,1.2714,1.2641,1.2717,1.2628
08/22/1996,1.2623,1.2686,1.2697,1.2580
08/21/1996,1.2689,1.2654,1.2703,1.2635
08/20/1996,1.2649,1.2650,1.2665,1.2616
08/19/1996,1.2659,1.2620,1.2671,1.2617
08/16/1996,1.2630,1.2675,1.2682,1.2606
08/15/1996,1.2684,1.2647,1.2693,1.2630
08/14/1996,1.2636,1.2711,1.2711,1.2625
08/13/1996,1.2700,1.2700,1.2730,1.2697
08/12/1996,1.2696,1.2718,1.2755,1.2685
08/09/1996,1.2700,1.2671,1.2722,1.2670
08/08/1996,1.2659,1.2647,1.2683,1.2625
08/07/1996,1.2640,1.2660,1.2676,1.2620
08/06/1996,1.2661,1.2692,1.2695,1.2637
08/05/1996,1.2697,1.2726,1.2763,1.2650
08/02/1996,1.2720,1.2726,1.2736,1.2680
08/01/1996,1.2742,1.2769,1.2797,1.2732
07/31/1996,1.2767,1.2722,1.2837,1.2722
07/30/1996,1.2720,1.2694,1.2740,1.2675
07/29/1996,1.2704,1.2689,1.2720,1.2672
07/26/1996,1.2676,1.2712,1.2753,1.2658
07/25/1996,1.2722,1.2626,1.2783,1.2624
07/24/1996,1.2633,1.2654,1.2710,1.2626
07/23/1996,1.2656,1.2725,1.2737,1.2633
07/22/1996,1.2708,1.2628,1.2735,1.2625
07/19/1996,1.2677,1.2640,1.2697,1.2624
07/18/1996,1.2649,1.2671,1.2703,1.2605
07/17/1996,1.2676,1.2728,1.2733,1.2634
07/16/1996,1.2710,1.2460,1.2800,1.2460
07/15/1996,1.2462,1.2443,1.2485,1.2417
07/12/1996,1.2435,1.2455,1.2477,1.2430
07/11/1996,1.2452,1.2400,1.2470,1.2398
07/10/1996,1.2412,1.2414,1.2434,1.2401
07/09/1996,1.2411,1.2403,1.2442,1.2403
07/08/1996,1.2412,1.2420,1.2431,1.2384
07/05/1996,1.2428,1.2445,1.2450,1.2388
07/04/1996,1.2441,1.2466,1.2487,1.2441
07/03/1996,1.2471,1.2431,1.2476,1.2385
07/02/1996,1.2420,1.2439,1.2453,1.2404
07/01/1996,1.2437,1.2433,1.2462,1.2418
06/28/1996,1.2432,1.2465,1.2480,1.2432
06/27/1996,1.2468,1.2408,1.2468,1.2387
06/26/1996,1.2405,1.2402,1.2420,1.2345
06/25/1996,1.2391,1.2380,1.2400,1.2330
06/24/1996,1.2385,1.2383,1.2392,1.2347
06/21/1996,1.2363,1.2393,1.2431,1.2350
06/20/1996,1.2419,1.2430,1.2458,1.2410
06/19/1996,1.2445,1.2483,1.2489,1.2415
06/18/1996,1.2487,1.2422,1.2503,1.2422
06/17/1996,1.2425,1.2413,1.2466,1.2409
06/14/1996,1.2368,1.2378,1.2467,1.2368
06/13/1996,1.2370,1.2347,1.2377,1.2311
06/12/1996,1.2350,1.2312,1.2350,1.2299
06/11/1996,1.2317,1.2311,1.2338,1.2294
06/10/1996,1.2313,1.2306,1.2330,1.2295
06/07/1996,1.2308,1.2360,1.2390,1.2300
06/06/1996,1.2368,1.2364,1.2400,1.2337
06/05/1996,1.2358,1.2368,1.2390,1.2343
06/04/1996,1.2355,1.2406,1.2408,1.2330
06/03/1996,1.2405,1.2391,1.2420,1.2355
05/31/1996,1.2392,1.2300,1.2405,1.2284
05/30/1996,1.2292,1.2323,1.2378,1.2285
05/29/1996,1.2313,1.2233,1.2313,1.2217
05/28/1996,1.2231,1.2255,1.2255,1.2210
05/27/1996,1.2260,1.2245,1.2260,1.2245
05/24/1996,1.2248,1.2267,1.2280,1.2240
05/23/1996,1.2252,1.2221,1.2280,1.2207
05/22/1996,1.2218,1.2219,1.2260,1.2190
05/21/1996,1.2230,1.2269,1.2283,1.2204
05/20/1996,1.2270,1.2283,1.2291,1.2238
05/17/1996,1.2282,1.2297,1.2340,1.2255
05/16/1996,1.2282,1.2255,1.2286,1.2227
05/15/1996,1.2256,1.2281,1.2299,1.2243
05/14/1996,1.2266,1.2275,1.2288,1.2243
05/13/1996,1.2270,1.2287,1.2295,1.2241
05/10/1996,1.2281,1.2334,1.2383,1.2280
05/09/1996,1.2335,1.2380,1.2382,1.2330
05/08/1996,1.2365,1.2294,1.2393,1.2278
05/07/1996,1.2304,1.2325,1.2346,1.2304
05/06/1996,1.2300,1.2325,1.2338,1.2295
05/03/1996,1.2317,1.2282,1.2329,1.2257
05/02/1996,1.2278,1.2232,1.2297,1.2215
05/01/1996,1.2223,1.2266,1.2278,1.2222
04/30/1996,1.2269,1.2303,1.2353,1.2240
04/29/1996,1.2316,1.2315,1.2404,1.2310
04/26/1996,1.2307,1.2278,1.2341,1.2245
04/25/1996,1.2260,1.2362,1.2363,1.2260
04/24/1996,1.2375,1.2365,1.2385,1.2343
04/23/1996,1.2359,1.2390,1.2398,1.2345
04/22/1996,1.2374,1.2348,1.2402,1.2340
04/19/1996,1.2382,1.2460,1.2490,1.2375
04/18/1996,1.2446,1.2440,1.2500,1.2359
04/17/1996,1.2420,1.2395,1.2433,1.2380
04/16/1996,1.2385,1.2415,1.2420,1.2370
04/15/1996,1.2383,1.2401,1.2418,1.2349
04/12/1996,1.2439,1.2430,1.2464,1.2415
04/11/1996,1.2438,1.2460,1.2483,1.2425
04/10/1996,1.2471,1.2475,1.2485,1.2413
04/09/1996,1.2470,1.2554,1.2579,1.2450
04/08/1996,1.2551,1.2530,1.2613,1.2530
04/05/1996,1.2532,1.2572,1.2587,1.2523
04/04/1996,1.2576,1.2548,1.2599,1.2548
04/03/1996,1.2547,1.2568,1.2601,1.2545
04/02/1996,1.2571,1.2505,1.2573,1.2505
04/01/1996,1.2510,1.2545,1.2553,1.2503
03/29/1996,1.2557,1.2582,1.2628,1.2542
03/28/1996,1.2597,1.2492,1.2599,1.2481
03/27/1996,1.2509,1.2546,1.2554,1.2479
03/26/1996,1.2555,1.2548,1.2595,1.2537
03/25/1996,1.2557,1.2560,1.2594,1.2540
03/22/1996,1.2537,1.2525,1.2559,1.2501
03/21/1996,1.2526,1.2565,1.2580,1.2522
03/20/1996,1.2572,1.2570,1.2589,1.2535
03/19/1996,1.2573,1.2515,1.2580,1.2503
03/18/1996,1.2524,1.2572,1.2606,1.2514
03/15/1996,1.2578,1.2552,1.2612,1.2502
03/14/1996,1.2564,1.2545,1.2579,1.2529
03/13/1996,1.2561,1.2532,1.2585,1.2523
03/12/1996,1.2552,1.2486,1.2558,1.2460
03/11/1996,1.2490,1.2500,1.2539,1.2475
03/08/1996,1.2490,1.2550,1.2602,1.2460
03/07/1996,1.2568,1.2535,1.2575,1.2489
03/06/1996,1.2568,1.2603,1.2603,1.2552
03/05/1996,1.2597,1.2552,1.2604,1.2530
03/04/1996,1.2555,1.2540,1.2583,1.2530
03/01/1996,1.2520,1.2555,1.2555,1.2490
02/29/1996,1.2551,1.2590,1.2632,1.2544
02/28/1996,1.2623,1.2695,1.2728,1.2600
02/27/1996,1.2700,1.2640,1.2732,1.2640
02/26/1996,1.2658,1.2690,1.2719,1.2653
02/23/1996,1.2680,1.2660,1.2712,1.2591
02/22/1996,1.2655,1.2650,1.2667,1.2610
02/21/1996,1.2668,1.2662,1.2699,1.2619
02/20/1996,1.2663,1.2667,1.2678,1.2579
02/19/1996,1.2666,1.2540,1.2689,1.2538
02/16/1996,1.2570,1.2500,1.2580,1.2470
02/15/1996,1.2502,1.2520,1.2532,1.2460
02/14/1996,1.2517,1.2480,1.2535,1.2468
02/13/1996,1.2471,1.2455,1.2485,1.2418
02/12/1996,1.2460,1.2445,1.2513,1.2440
02/09/1996,1.2448,1.2443,1.2486,1.2409
02/08/1996,1.2440,1.2435,1.2454,1.2395
02/07/1996,1.2435,1.2485,1.2487,1.2408
02/06/1996,1.2480,1.2500,1.2505,1.2450
02/05/1996,1.2500,1.2420,1.2530,1.2411
02/02/1996,1.2383,1.2356,1.2385,1.2320
02/01/1996,1.2371,1.2340,1.2388,1.2305
01/31/1996,1.2340,1.2307,1.2355,1.2299
01/30/1996,1.2300,1.2335,1.2358,1.2280
01/29/1996,1.2320,1.2257,1.2330,1.2243
01/26/1996,1.2255,1.2311,1.2335,1.2245
01/25/1996,1.2329,1.2401,1.2464,1.2285
01/24/1996,1.2389,1.2436,1.2443,1.2373
01/23/1996,1.2439,1.2478,1.2513,1.2410
01/22/1996,1.2470,1.2475,1.2501,1.2418
01/19/1996,1.2461,1.2550,1.2555,1.2439
01/18/1996,1.2543,1.2571,1.2639,1.2530
01/17/1996,1.2582,1.2605,1.2660,1.2572
01/16/1996,1.2626,1.2794,1.2794,1.2626
01/15/1996,1.2780,1.2815,1.2825,1.2763
01/12/1996,1.2813,1.2882,1.2896,1.2786
01/11/1996,1.2890,1.2918,1.2971,1.2870
01/10/1996,1.2937,1.2872,1.2945,1.2872
01/09/1996,1.2914,1.2842,1.2914,1.2842
01/08/1996,1.2861,1.2805,1.2901,1.2805
01/05/1996,1.2843,1.2798,1.2890,1.2753
01/04/1996,1.2800,1.2761,1.2800,1.2658
01/03/1996,1.2742,1.2792,1.2824,1.2738
01/02/1996,1.2797,1.2769,1.2852,1.2769
12/29/1995,1.2777,1.2771,1.2857,1.2771
12/28/1995,1.2768,1.2799,1.2863,1.2759
12/27/1995,1.2790,1.2805,1.2834,1.2747
12/26/1995,1.2810,1.2750,1.2815,1.2750
12/25/1995,1.2771,1.2771,1.2771,1.2771
12/22/1995,1.2776,1.2769,1.2776,1.2698
12/21/1995,1.2765,1.2784,1.2789,1.2729
12/20/1995,1.2766,1.2730,1.2766,1.2710
12/19/1995,1.2730,1.2838,1.2838,1.2725
12/18/1995,1.2838,1.2761,1.2841,1.2747
12/15/1995,1.2730,1.2734,1.2771,1.2715
12/14/1995,1.2735,1.2636,1.2770,1.2608
12/13/1995,1.2634,1.2673,1.2679,1.2599
12/12/1995,1.2672,1.2722,1.2751,1.2643
12/11/1995,1.2721,1.2737,1.2776,1.2709
12/08/1995,1.2731,1.2755,1.2775,1.2680
12/07/1995,1.2740,1.2760,1.2817,1.2735
12/06/1995,1.2780,1.2877,1.2877,1.2765
12/05/1995,1.2851,1.2775,1.2862,1.2765
12/04/1995,1.2770,1.2757,1.2833,1.2755
12/01/1995,1.2757,1.2760,1.2790,1.2717
11/30/1995,1.2755,1.2860,1.2887,1.2720
11/29/1995,1.2859,1.2940,1.2965,1.2823
11/28/1995,1.2925,1.2900,1.2970,1.2871
11/27/1995,1.2893,1.2975,1.3000,1.2850
11/24/1995,1.2993,1.3000,1.3066,1.2975
11/23/1995,1.3001,1.3024,1.3046,1.2989
11/22/1995,1.3016,1.3031,1.3053,1.2965
11/21/1995,1.3019,1.3025,1.3034,1.2985
11/20/1995,1.3028,1.3010,1.3043,1.2902
11/17/1995,1.3090,1.3026,1.3090,1.3017
11/16/1995,1.3004,1.3035,1.3037,1.2971
11/15/1995,1.3006,1.2995,1.3080,1.2995
11/14/1995,1.2960,1.2925,1.2995,1.2900
11/13/1995,1.2910,1.2928,1.3006,1.2865
11/10/1995,1.2917,1.3048,1.3048,1.2900
11/09/1995,1.3043,1.2961,1.3047,1.2897
11/08/1995,1.2927,1.2940,1.2993,1.2920
11/07/1995,1.2962,1.2981,1.2986,1.2915
11/06/1995,1.2962,1.2930,1.2999,1.2905
11/03/1995,1.2933,1.2931,1.2975,1.2877
11/02/1995,1.2904,1.2958,1.2970,1.2889
11/01/1995,1.2963,1.3046,1.3046,1.2935
10/31/1995,1.3013,1.3053,1.3088,1.2975
10/30/1995,1.3040,1.3025,1.3083,1.2985
10/27/1995,1.3037,1.3127,1.3190,1.3028
10/26/1995,1.3098,1.3099,1.3140,1.2963
10/25/1995,1.3099,1.3094,1.3151,1.3055
10/24/1995,1.3094,1.3143,1.3184,1.3074
10/23/1995,1.3140,1.3063,1.3213,1.3063
10/20/1995,1.3088,1.3020,1.3125,1.2985
10/19/1995,1.3020,1.2923,1.3047,1.2907
10/18/1995,1.2909,1.2975,1.3022,1.2859
10/17/1995,1.2968,1.2937,1.2986,1.2917
10/16/1995,1.2933,1.2950,1.2989,1.2926
10/13/1995,1.2934,1.2965,1.3007,1.2870
10/12/1995,1.2983,1.2896,1.2990,1.2875
10/11/1995,1.2896,1.2930,1.2955,1.2830
10/10/1995,1.2930,1.2955,1.2965,1.2893
10/09/1995,1.2957,1.2888,1.2993,1.2888
10/06/1995,1.2890,1.2951,1.2956,1.2810
10/05/1995,1.2946,1.2920,1.2958,1.2830
10/04/1995,1.2910,1.2864,1.2937,1.2839
10/03/1995,1.2884,1.2963,1.2986,1.2840
10/02/1995,1.2982,1.2969,1.2984,1.2914
09/29/1995,1.2971,1.3038,1.3079,1.2935
09/28/1995,1.3040,1.3014,1.3071,1.2985
09/27/1995,1.3000,1.2930,1.3052,1.2926
09/26/1995,1.2924,1.2932,1.2957,1.2872
09/25/1995,1.2932,1.3000,1.3000,1.2929
09/22/1995,1.3000,1.2977,1.3101,1.2977
09/21/1995,1.2977,1.2762,1.2977,1.2749
09/20/1995,1.2762,1.2602,1.2800,1.2602
09/19/1995,1.2602,1.2642,1.2665,1.2580
09/18/1995,1.2640,1.2591,1.2662,1.2565
09/15/1995,1.2613,1.2610,1.2631,1.2521
09/14/1995,1.2605,1.2571,1.2640,1.2506
09/13/1995,1.2571,1.2687,1.2687,1.2525
09/12/1995,1.2687,1.2682,1.2725,1.2668
09/11/1995,1.2693,1.2735,1.2756,1.2689
09/08/1995,1.2692,1.2652,1.2697,1.2591
09/07/1995,1.2647,1.2668,1.2706,1.2647
09/06/1995,1.2670,1.2790,1.2790,1.2640
09/05/1995,1.2790,1.2775,1.2795,1.2730
09/04/1995,1.2775,1.2789,1.2824,1.2753
09/01/1995,1.2765,1.2780,1.2791,1.2708
08/31/1995,1.2746,1.2710,1.2799,1.2677
08/30/1995,1.2710,1.2677,1.2714,1.2651
08/29/1995,1.2667,1.2790,1.2790,1.2655
08/28/1995,1.2788,1.2748,1.2835,1.2742
08/25/1995,1.2700,1.2693,1.2735,1.2663
08/24/1995,1.2715,1.2670,1.2747,1.2575
08/23/1995,1.2668,1.2633,1.2712,1.2601
08/22/1995,1.2636,1.2684,1.2708,1.2610
08/21/1995,1.2711,1.2740,1.2749,1.2694
08/18/1995,1.2738,1.2715,1.2771,1.2654
08/17/1995,1.2726,1.2721,1.2750,1.2629
08/16/1995,1.2730,1.2720,1.2774,1.2632
08/15/1995,1.2720,1.3030,1.3047,1.2690
08/14/1995,1.3030,1.2993,1.3088,1.2975
08/11/1995,1.3010,1.3142,1.3142,1.3010
08/10/1995,1.3142,1.3247,1.3247,1.3100
08/09/1995,1.3241,1.3236,1.3255,1.3209
08/08/1995,1.3223,1.3218,1.3251,1.3192
08/07/1995,1.3218,1.3336,1.3361,1.3214
08/04/1995,1.3336,1.3373,1.3380,1.3305
08/03/1995,1.3392,1.3322,1.3420,1.3321
08/02/1995,1.3322,1.3485,1.3485,1.3260
08/01/1995,1.3500,1.3405,1.3525,1.3399
07/31/1995,1.3405,1.3439,1.3483,1.3396
07/28/1995,1.3446,1.3433,1.3500,1.3385
07/27/1995,1.3450,1.3389,1.3450,1.3383
07/26/1995,1.3389,1.3308,1.3425,1.3299
07/25/1995,1.3299,1.3365,1.3394,1.3293
07/24/1995,1.3370,1.3340,1.3405,1.3340
07/21/1995,1.3363,1.3379,1.3388,1.3329
07/20/1995,1.3379,1.3431,1.3445,1.3350
07/19/1995,1.3440,1.3319,1.3465,1.3317
07/18/1995,1.3330,1.3273,1.3371,1.3262
07/17/1995,1.3265,1.3287,1.3297,1.3245
07/14/1995,1.3305,1.3318,1.3346,1.3267
07/13/1995,1.3318,1.3205,1.3347,1.3127
07/12/1995,1.3216,1.3190,1.3245,1.3179
07/11/1995,1.3182,1.3270,1.3274,1.3180
07/10/1995,1.3275,1.3286,1.3310,1.3235
07/07/1995,1.3286,1.3353,1.3359,1.3217
07/06/1995,1.3382,1.3360,1.3382,1.3325
07/05/1995,1.3373,1.3337,1.3377,1.3310
07/04/1995,1.3325,1.3337,1.3363,1.3325
07/03/1995,1.3342,1.3323,1.3380,1.3312
06/30/1995,1.3321,1.3334,1.3334,1.3269
06/29/1995,1.3353,1.3193,1.3359,1.3179
06/28/1995,1.3188,1.3264,1.3325,1.3133
06/27/1995,1.3264,1.3262,1.3315,1.3259
06/26/1995,1.3246,1.3315,1.3321,1.3209
06/23/1995,1.3315,1.3206,1.3322,1.3198
06/22/1995,1.3206,1.3284,1.3360,1.3187
06/21/1995,1.3284,1.3290,1.3290,1.3233
06/20/1995,1.3274,1.3220,1.3282,1.3198
06/19/1995,1.3217,1.3196,1.3240,1.3150
06/16/1995,1.3196,1.3150,1.3220,1.3125
06/15/1995,1.3150,1.3215,1.3245,1.3089
06/14/1995,1.3200,1.3114,1.3237,1.3089
06/13/1995,1.3114,1.3185,1.3218,1.3105
06/12/1995,1.3153,1.3152,1.3193,1.3116
06/09/1995,1.3142,1.3128,1.3203,1.3110
06/08/1995,1.3128,1.3100,1.3140,1.3012
06/07/1995,1.3098,1.3110,1.3159,1.3095
06/06/1995,1.3113,1.3130,1.3140,1.3048
06/05/1995,1.3123,1.3022,1.3197,1.3022
06/02/1995,1.3022,1.3148,1.3242,1.3022
06/01/1995,1.3157,1.3075,1.3157,1.2913
05/31/1995,1.3050,1.3225,1.3322,1.3023
05/30/1995,1.3228,1.3310,1.3312,1.3222
05/29/1995,1.3266,1.3357,1.3357,1.3266
05/26/1995,1.3365,1.3153,1.3375,1.3137
05/25/1995,1.3164,1.2815,1.3185,1.2815
05/24/1995,1.2818,1.2745,1.2833,1.2732
05/23/1995,1.2748,1.2808,1.2851,1.2725
05/22/1995,1.2818,1.2805,1.2855,1.2728
05/19/1995,1.2805,1.2710,1.2883,1.2710
05/18/1995,1.2710,1.2794,1.2822,1.2655
05/17/1995,1.2803,1.2841,1.2925,1.2769
05/16/1995,1.2843,1.2912,1.2952,1.2761
05/15/1995,1.2904,1.2775,1.2921,1.2759
05/12/1995,1.2811,1.2900,1.2900,1.2739
05/11/1995,1.2989,1.3266,1.3267,1.2989
05/10/1995,1.3254,1.3325,1.3346,1.3215
05/09/1995,1.3299,1.3427,1.3428,1.3290
05/08/1995,1.3401,1.3324,1.3445,1.3324
05/05/1995,1.3310,1.3339,1.3383,1.3290
05/04/1995,1.3342,1.3328,1.3390,1.3295
05/03/1995,1.3328,1.3281,1.3350,1.3275
05/02/1995,1.3279,1.3214,1.3320,1.3199
05/01/1995,1.3209,1.3208,1.3240,1.3165
04/28/1995,1.3251,1.3300,1.3339,1.3170
04/27/1995,1.3300,1.3354,1.3404,1.3300
04/26/1995,1.3373,1.3374,1.3410,1.3240
04/25/1995,1.3374,1.3315,1.3455,1.3280
04/24/1995,1.3295,1.3402,1.3453,1.3294
04/21/1995,1.3312,1.3206,1.3312,1.3187
04/20/1995,1.3206,1.3294,1.3360,1.3165
04/19/1995,1.3294,1.3514,1.3530,1.3280
04/18/1995,1.3450,1.3453,1.3502,1.3400
04/17/1995,1.3430,1.3248,1.3445,1.3248
04/14/1995,1.3262,1.3310,1.3310,1.3243
04/13/1995,1.3293,1.3123,1.3300,1.3119
04/12/1995,1.3142,1.3124,1.3185,1.3090
04/11/1995,1.3144,1.3090,1.3170,1.3042
04/10/1995,1.3008,1.3352,1.3355,1.3008
04/07/1995,1.3352,1.3331,1.3394,1.3273
04/06/1995,1.3331,1.3278,1.3381,1.3256
04/05/1995,1.3278,1.3205,1.3326,1.3185
04/04/1995,1.3253,1.3320,1.3325,1.3157
04/03/1995,1.3300,1.3275,1.3331,1.3210
03/31/1995,1.3319,1.3030,1.3355,1.2995
03/30/1995,1.3019,1.3204,1.3232,1.2965
03/29/1995,1.3192,1.3156,1.3260,1.3135
03/28/1995,1.3161,1.3003,1.3161,1.2990
03/27/1995,1.2989,1.2907,1.3050,1.2905
03/24/1995,1.2907,1.2984,1.3011,1.2849
03/23/1995,1.2985,1.2960,1.3027,1.2950
03/22/1995,1.2970,1.2913,1.3000,1.2889
03/21/1995,1.2920,1.2943,1.3039,1.2880
03/20/1995,1.2949,1.3026,1.3060,1.2922
03/17/1995,1.3026,1.3068,1.3140,1.3005
03/16/1995,1.3073,1.3140,1.3210,1.3047
03/15/1995,1.3127,1.2930,1.3175,1.2930
03/14/1995,1.2943,1.2980,1.3019,1.2913
03/13/1995,1.2980,1.2915,1.3004,1.2915
03/10/1995,1.2917,1.3055,1.3106,1.2893
03/09/1995,1.3127,1.3142,1.3251,1.2977
03/08/1995,1.3133,1.3226,1.3358,1.3126
03/07/1995,1.3228,1.3120,1.3235,1.3068
03/06/1995,1.3127,1.3007,1.3224,1.3007
03/03/1995,1.3005,1.2888,1.3020,1.2787
03/02/1995,1.2902,1.2740,1.2923,1.2710
03/01/1995,1.2735,1.2716,1.2760,1.2690
02/28/1995,1.2713,1.2675,1.2754,1.2650
02/27/1995,1.2691,1.2750,1.2766,1.2670
02/24/1995,1.2739,1.2748,1.2790,1.2648
02/23/1995,1.2748,1.2717,1.2770,1.2669
02/22/1995,1.2724,1.2719,1.2763,1.2647
02/21/1995,1.2742,1.2702,1.2742,1.2637
02/20/1995,1.2745,1.2675,1.2755,1.2675
02/17/1995,1.2677,1.2627,1.2720,1.2613
02/16/1995,1.2619,1.2482,1.2635,1.2482
02/15/1995,1.2483,1.2502,1.2508,1.2449
02/14/1995,1.2497,1.2396,1.2510,1.2389
02/13/1995,1.2400,1.2422,1.2437,1.2389
02/10/1995,1.2417,1.2350,1.2425,1.2323
02/09/1995,1.2348,1.2341,1.2368,1.2317
02/08/1995,1.2327,1.2290,1.2345,1.2290
02/07/1995,1.2297,1.2348,1.2348,1.2280
02/06/1995,1.2328,1.2334,1.2345,1.2290
02/03/1995,1.2345,1.2431,1.2438,1.2310
02/02/1995,1.2432,1.2438,1.2453,1.2415
02/01/1995,1.2435,1.2395,1.2448,1.2377
01/31/1995,1.2394,1.2539,1.2539,1.2375
01/30/1995,1.2538,1.2460,1.2569,1.2460
01/27/1995,1.2461,1.2455,1.2502,1.2435
01/26/1995,1.2455,1.2480,1.2505,1.2450
01/25/1995,1.2470,1.2521,1.2567,1.2440
01/24/1995,1.2510,1.2495,1.2532,1.2489
01/23/1995,1.2492,1.2498,1.2536,1.2473
01/20/1995,1.2501,1.2470,1.2531,1.2466
01/19/1995,1.2472,1.2342,1.2505,1.2331
01/18/1995,1.2339,1.2343,1.2405,1.2320
01/17/1995,1.2343,1.2372,1.2390,1.2319
01/16/1995,1.2372,1.2346,1.2397,1.2320
01/13/1995,1.2346,1.2380,1.2393,1.2295
01/12/1995,1.2380,1.2326,1.2400,1.2300
01/11/1995,1.2327,1.2336,1.2356,1.2307
01/10/1995,1.2348,1.2340,1.2365,1.2289
01/09/1995,1.2345,1.2184,1.2390,1.2165
01/06/1995,1.2170,1.2263,1.2278,1.2159
01/05/1995,1.2268,1.2208,1.2285,1.2208
01/04/1995,1.2211,1.2215,1.2237,1.2185
01/03/1995,1.2226,1.2195,1.2259,1.2193
01/02/1995,1.2190,1.2269,1.2275,1.2190
12/30/1994,1.2269,1.2236,1.2275,1.2223
12/29/1994,1.2236,1.2253,1.2282,1.2160
12/28/1994,1.2113,1.2065,1.2125,1.2042
12/27/1994,1.2067,1.2047,1.2072,1.2041
12/26/1994,1.2045,1.2045,1.2045,1.2045
12/23/1994,1.2045,1.2090,1.2092,1.2045
12/22/1994,1.2087,1.2041,1.2103,1.2025
12/21/1994,1.2064,1.2136,1.2140,1.2054
12/20/1994,1.2133,1.2118,1.2140,1.2105
12/19/1994,1.2114,1.2100,1.2120,1.2088
12/16/1994,1.2122,1.2134,1.2146,1.2122
12/15/1994,1.2137,1.2144,1.2146,1.2105
12/14/1994,1.2142,1.2112,1.2145,1.2110
12/13/1994,1.2123,1.2124,1.2150,1.2089
12/12/1994,1.2120,1.2120,1.2140,1.2073
12/09/1994,1.2109,1.2085,1.2120,1.2059
12/08/1994,1.2110,1.2171,1.2192,1.2085
12/07/1994,1.2167,1.2134,1.2185,1.2120
12/06/1994,1.2134,1.2135,1.2171,1.2115
12/05/1994,1.2127,1.2092,1.2141,1.2085
12/02/1994,1.2082,1.2131,1.2135,1.2075
12/01/1994,1.2135,1.2152,1.2180,1.2110
11/30/1994,1.2154,1.2149,1.2174,1.2110
11/29/1994,1.2144,1.2167,1.2222,1.2140
11/28/1994,1.2163,1.2205,1.2210,1.2155
11/25/1994,1.2218,1.2232,1.2251,1.2203
11/24/1994,1.2219,1.2228,1.2264,1.2207
11/23/1994,1.2264,1.2261,1.2303,1.2243
11/22/1994,1.2249,1.2241,1.2285,1.2220
11/21/1994,1.2238,1.2242,1.2260,1.2185
11/18/1994,1.2250,1.2265,1.2290,1.2205
11/17/1994,1.2288,1.2284,1.2323,1.2282
11/16/1994,1.2281,1.2252,1.2300,1.2223
11/15/1994,1.2305,1.2328,1.2365,1.2305
11/14/1994,1.2328,1.2435,1.2435,1.2315
11/11/1994,1.2437,1.2454,1.2470,1.2426
11/10/1994,1.2440,1.2453,1.2475,1.2380
11/09/1994,1.2452,1.2603,1.2640,1.2417
11/08/1994,1.2594,1.2570,1.2623,1.2555
11/07/1994,1.2547,1.2579,1.2589,1.2530
11/04/1994,1.2563,1.2546,1.2580,1.2471
11/03/1994,1.2543,1.2576,1.2600,1.2490
11/02/1994,1.2572,1.2744,1.2763,1.2560
11/01/1994,1.2730,1.2685,1.2748,1.2679
10/31/1994,1.2679,1.2606,1.2690,1.2605
10/28/1994,1.2612,1.2724,1.2765,1.2563
10/27/1994,1.2735,1.2773,1.2777,1.2715
10/26/1994,1.2777,1.2732,1.2785,1.2690
10/25/1994,1.2717,1.2776,1.2812,1.2712
10/24/1994,1.2740,1.2672,1.2747,1.2671
10/21/1994,1.2687,1.2762,1.2771,1.2683
10/20/1994,1.2750,1.2702,1.2750,1.2665
10/19/1994,1.2688,1.2678,1.2730,1.2657
10/18/1994,1.2687,1.2675,1.2707,1.2655
10/17/1994,1.2692,1.2517,1.2748,1.2517
10/14/1994,1.2534,1.2498,1.2558,1.2495
10/13/1994,1.2477,1.2390,1.2479,1.2345
10/12/1994,1.2390,1.2350,1.2390,1.2342
10/11/1994,1.2356,1.2354,1.2400,1.2332
10/10/1994,1.2425,1.2403,1.2425,1.2370
10/07/1994,1.2358,1.2380,1.2449,1.2330
10/06/1994,1.2380,1.2372,1.2401,1.2367
10/05/1994,1.2372,1.2366,1.2411,1.2356
10/04/1994,1.2366,1.2319,1.2367,1.2315
10/03/1994,1.2313,1.2324,1.2345,1.2260
09/30/1994,1.2324,1.2351,1.2365,1.2300
09/29/1994,1.2344,1.2323,1.2370,1.2315
09/28/1994,1.2309,1.2386,1.2402,1.2300
09/27/1994,1.2386,1.2308,1.2394,1.2300
09/26/1994,1.2292,1.2309,1.2311,1.2266
09/23/1994,1.2331,1.2334,1.2383,1.2320
09/22/1994,1.2336,1.2332,1.2346,1.2315
09/21/1994,1.2336,1.2310,1.2372,1.2310
09/20/1994,1.2310,1.2304,1.2331,1.2247
09/19/1994,1.2315,1.2349,1.2365,1.2265
09/16/1994,1.2395,1.2319,1.2440,1.2292
09/15/1994,1.2302,1.2344,1.2348,1.2295
09/14/1994,1.2364,1.2335,1.2406,1.2335
09/13/1994,1.2332,1.2359,1.2380,1.2290
09/12/1994,1.2348,1.2393,1.2415,1.2335
09/09/1994,1.2383,1.2235,1.2410,1.2198
09/08/1994,1.2243,1.2270,1.2310,1.2210
09/07/1994,1.2276,1.2330,1.2333,1.2250
09/06/1994,1.2330,1.2284,1.2370,1.2267
09/05/1994,1.2278,1.2273,1.2305,1.2250
09/02/1994,1.2270,1.2141,1.2275,1.2071
09/01/1994,1.2130,1.2074,1.2151,1.2069
08/31/1994,1.2069,1.2111,1.2124,1.2054
08/30/1994,1.2099,1.2081,1.2122,1.2037
08/29/1994,1.2097,1.2096,1.2121,1.1980
08/26/1994,1.2096,1.2347,1.2352,1.2050
08/25/1994,1.2345,1.2318,1.2353,1.2290
08/24/1994,1.2320,1.2415,1.2423,1.2310
08/23/1994,1.2409,1.2435,1.2452,1.2349
08/22/1994,1.2437,1.2350,1.2447,1.2345
08/19/1994,1.2340,1.2312,1.2373,1.2308
08/18/1994,1.2295,1.2253,1.2320,1.2227
08/17/1994,1.2248,1.2180,1.2248,1.2150
08/16/1994,1.2208,1.2240,1.2310,1.2190
08/15/1994,1.2240,1.2240,1.2266,1.2226
08/12/1994,1.2227,1.2201,1.2272,1.2185
08/11/1994,1.2216,1.2048,1.2240,1.2005
08/10/1994,1.2058,1.2090,1.2139,1.2054
08/09/1994,1.2083,1.2080,1.2092,1.2037
08/08/1994,1.2079,1.2117,1.2123,1.2058
08/05/1994,1.2093,1.2032,1.2113,1.2001
08/04/1994,1.2032,1.2155,1.2166,1.2024
08/03/1994,1.2040,1.2083,1.2119,1.2040
08/02/1994,1.2092,1.2118,1.2125,1.2060
08/01/1994,1.2102,1.2062,1.2172,1.2062
07/29/1994,1.2086,1.2024,1.2091,1.1980
07/28/1994,1.2000,1.2125,1.2195,1.1995
07/27/1994,1.2135,1.2080,1.2150,1.2057
07/26/1994,1.2075,1.2039,1.2077,1.2005
07/25/1994,1.2039,1.2020,1.2096,1.1990
07/22/1994,1.1990,1.2042,1.2045,1.1950
07/21/1994,1.2022,1.2228,1.2273,1.2000
07/20/1994,1.2210,1.2170,1.2255,1.2117
07/19/1994,1.2170,1.2331,1.2332,1.2160
07/18/1994,1.2322,1.2350,1.2395,1.2312
07/15/1994,1.2286,1.2300,1.2333,1.2245
07/14/1994,1.2300,1.2407,1.2439,1.2300
07/13/1994,1.2403,1.2454,1.2523,1.2390
07/12/1994,1.2485,1.2480,1.2573,1.2457
07/11/1994,1.2491,1.2260,1.2510,1.2246
07/08/1994,1.2106,1.2162,1.2166,1.2102
07/07/1994,1.2148,1.2105,1.2160,1.2071
07/06/1994,1.2197,1.2124,1.2197,1.2079
07/05/1994,1.2109,1.1983,1.2109,1.1979
07/04/1994,1.1974,1.1976,1.1999,1.1936
07/01/1994,1.1982,1.2060,1.2064,1.1909
06/30/1994,1.2052,1.2058,1.2075,1.1974
06/29/1994,1.2060,1.2158,1.2176,1.2052
06/28/1994,1.2135,1.2095,1.2143,1.2047
06/27/1994,1.2094,1.2138,1.2185,1.2090
06/24/1994,1.2098,1.2027,1.2121,1.1912
06/23/1994,1.1960,1.1947,1.1996,1.1916
06/22/1994,1.1947,1.2040,1.2040,1.1920
06/21/1994,1.2040,1.1990,1.2068,1.1935
06/20/1994,1.1997,1.1927,1.2014,1.1897
06/17/1994,1.1927,1.1788,1.1944,1.1727
06/16/1994,1.1750,1.1770,1.1825,1.1750
06/15/1994,1.1772,1.1706,1.1787,1.1697
06/14/1994,1.1713,1.1723,1.1742,1.1700
06/13/1994,1.1723,1.1595,1.1732,1.1595
06/10/1994,1.1589,1.1573,1.1605,1.1557
06/09/1994,1.1573,1.1565,1.1585,1.1530
06/08/1994,1.1572,1.1587,1.1598,1.1539
06/07/1994,1.1575,1.1553,1.1594,1.1532
06/06/1994,1.1553,1.1551,1.1576,1.1521
06/03/1994,1.1540,1.1654,1.1657,1.1535
06/02/1994,1.1654,1.1704,1.1713,1.1635
06/01/1994,1.1696,1.1700,1.1733,1.1677
05/31/1994,1.1708,1.1712,1.1738,1.1675
05/30/1994,1.1698,1.1705,1.1713,1.1698
05/27/1994,1.1717,1.1677,1.1717,1.1652
05/26/1994,1.1680,1.1710,1.1738,1.1670
05/25/1994,1.1710,1.1650,1.1720,1.1639
05/24/1994,1.1650,1.1707,1.1712,1.1640
05/23/1994,1.1715,1.1700,1.1740,1.1660
05/20/1994,1.1699,1.1634,1.1720,1.1622
05/19/1994,1.1626,1.1645,1.1669,1.1620
05/18/1994,1.1645,1.1535,1.1655,1.1516
05/17/1994,1.1535,1.1519,1.1608,1.1515
05/16/1994,1.1524,1.1552,1.1552,1.1483
05/13/1994,1.1545,1.1571,1.1592,1.1503
05/12/1994,1.1559,1.1543,1.1575,1.1506
05/11/1994,1.1543,1.1524,1.1571,1.1465
05/10/1994,1.1524,1.1647,1.1647,1.1496
05/09/1994,1.1645,1.1570,1.1656,1.1565
05/06/1994,1.1582,1.1532,1.1596,1.1506
05/05/1994,1.1555,1.1627,1.1639,1.1500
05/04/1994,1.1640,1.1753,1.1794,1.1579
05/03/1994,1.1765,1.1700,1.1776,1.1666
05/02/1994,1.1710,1.1664,1.1726,1.1651
04/29/1994,1.1679,1.1622,1.1742,1.1585
04/28/1994,1.1618,1.1538,1.1622,1.1518
04/27/1994,1.1563,1.1529,1.1569,1.1498
04/26/1994,1.1528,1.1468,1.1536,1.1443
04/25/1994,1.1484,1.1472,1.1502,1.1453
04/22/1994,1.1432,1.1445,1.1449,1.1388
04/21/1994,1.1445,1.1434,1.1469,1.1417
04/20/1994,1.1430,1.1349,1.1446,1.1341
04/19/1994,1.1361,1.1328,1.1380,1.1301
04/18/1994,1.1310,1.1301,1.1326,1.1233
04/15/1994,1.1293,1.1315,1.1317,1.1265
04/14/1994,1.1315,1.1319,1.1336,1.1276
04/13/1994,1.1325,1.1286,1.1331,1.1261
04/12/1994,1.1285,1.1305,1.1306,1.1235
04/11/1994,1.1305,1.1334,1.1348,1.1286
04/08/1994,1.1298,1.1279,1.1325,1.1269
04/07/1994,1.1280,1.1275,1.1316,1.1246
04/06/1994,1.1275,1.1269,1.1294,1.1248
04/05/1994,1.1260,1.1365,1.1408,1.1241
04/04/1994,1.1375,1.1351,1.1402,1.1336
04/01/1994,1.1368,1.1507,1.1513,1.1368
03/31/1994,1.1517,1.1494,1.1595,1.1494
03/30/1994,1.1505,1.1499,1.1525,1.1459
03/29/1994,1.1507,1.1532,1.1578,1.1482
03/28/1994,1.1531,1.1539,1.1556,1.1492
03/25/1994,1.1545,1.1544,1.1588,1.1508
03/24/1994,1.1545,1.1467,1.1550,1.1447
03/23/1994,1.1466,1.1429,1.1471,1.1400
03/22/1994,1.1412,1.1416,1.1475,1.1395
03/21/1994,1.1404,1.1351,1.1410,1.1325
03/18/1994,1.1380,1.1429,1.1431,1.1362
03/17/1994,1.1427,1.1430,1.1505,1.1414
03/16/1994,1.1434,1.1389,1.1443,1.1377
03/15/1994,1.1389,1.1434,1.1434,1.1370
03/14/1994,1.1432,1.1470,1.1470,1.1418
03/11/1994,1.1470,1.1479,1.1533,1.1445
03/10/1994,1.1475,1.1380,1.1525,1.1330
03/09/1994,1.1337,1.1284,1.1338,1.1271
03/08/1994,1.1282,1.1264,1.1300,1.1245
03/07/1994,1.1267,1.1240,1.1290,1.1225
03/04/1994,1.1257,1.1304,1.1307,1.1245
03/03/1994,1.1300,1.1334,1.1334,1.1280
03/02/1994,1.1336,1.1296,1.1398,1.1277
03/01/1994,1.1300,1.1330,1.1387,1.1265
02/28/1994,1.1332,1.1329,1.1363,1.1272
02/25/1994,1.1315,1.1284,1.1360,1.1237
02/24/1994,1.1274,1.1210,1.1290,1.1155
02/23/1994,1.1210,1.1235,1.1242,1.1190
02/22/1994,1.1243,1.1209,1.1245,1.1181
02/21/1994,1.1191,1.1307,1.1307,1.1191
02/18/1994,1.1290,1.1235,1.1300,1.1235
02/17/1994,1.1242,1.1231,1.1242,1.1176
02/16/1994,1.1233,1.1199,1.1262,1.1173
02/15/1994,1.1188,1.1137,1.1251,1.1134
02/14/1994,1.1223,1.1079,1.1252,1.1056
02/11/1994,1.1060,1.1084,1.1098,1.1040
02/10/1994,1.1073,1.1056,1.1090,1.1022
02/09/1994,1.1105,1.1079,1.1115,1.1072
02/08/1994,1.1031,1.1074,1.1082,1.1010
02/07/1994,1.1066,1.1048,1.1087,1.1040
02/04/1994,1.1067,1.1164,1.1229,1.1035
02/03/1994,1.1162,1.1212,1.1244,1.1137
02/02/1994,1.1206,1.1224,1.1230,1.1190
02/01/1994,1.1227,1.1212,1.1265,1.1182
01/31/1994,1.1210,1.1154,1.1225,1.1131
01/28/1994,1.1151,1.1232,1.1270,1.1145
01/27/1994,1.1230,1.1149,1.1245,1.1112
01/26/1994,1.1140,1.1125,1.1162,1.1125
01/25/1994,1.1118,1.1109,1.1118,1.1080
01/24/1994,1.1098,1.1075,1.1111,1.1070
01/21/1994,1.1087,1.1159,1.1175,1.1080
01/20/1994,1.1157,1.1112,1.1190,1.1077
01/19/1994,1.1112,1.1124,1.1141,1.1105
01/18/1994,1.1120,1.1094,1.1130,1.1071
01/17/1994,1.1068,1.1071,1.1090,1.1062
01/14/1994,1.1087,1.1104,1.1104,1.1047
01/13/1994,1.1092,1.1180,1.1189,1.1075
01/12/1994,1.1179,1.1129,1.1188,1.1125
01/11/1994,1.1126,1.1159,1.1180,1.1115
01/10/1994,1.1158,1.1217,1.1228,1.1150
01/07/1994,1.1220,1.1130,1.1222,1.1117
01/06/1994,1.1128,1.1164,1.1191,1.1122
01/05/1994,1.1159,1.1183,1.1192,1.1147
01/04/1994,1.1177,1.1122,1.1182,1.1107
01/03/1994,1.1117,1.1130,1.1172,1.1110
12/31/1993,1.1130,1.1164,1.1172,1.1130
12/30/1993,1.1163,1.1199,1.1230,1.1149
12/29/1993,1.1197,1.1365,1.1365,1.1182
12/28/1993,1.1371,1.1353,1.1376,1.1341
12/27/1993,1.1362,1.1372,1.1385,1.1327
12/24/1993,1.1410,1.1406,1.1413,1.1376
12/23/1993,1.1410,1.1354,1.1428,1.1350
12/22/1993,1.1344,1.1319,1.1380,1.1319
12/21/1993,1.1327,1.1294,1.1346,1.1285
12/20/1993,1.1287,1.1282,1.1306,1.1262
12/17/1993,1.1294,1.1287,1.1330,1.1283
12/16/1993,1.1286,1.1252,1.1310,1.1235
12/15/1993,1.1248,1.1265,1.1272,1.1229
12/14/1993,1.1269,1.1296,1.1310,1.1245
12/13/1993,1.1301,1.1365,1.1388,1.1285
12/10/1993,1.1365,1.1334,1.1385,1.1323
12/09/1993,1.1313,1.1315,1.1330,1.1287
12/08/1993,1.1315,1.1309,1.1349,1.1275
12/07/1993,1.1315,1.1350,1.1351,1.1300
12/06/1993,1.1340,1.1195,1.1352,1.1195
12/03/1993,1.1195,1.1163,1.1222,1.1135
12/02/1993,1.1160,1.1162,1.1193,1.1140
12/01/1993,1.1157,1.1197,1.1215,1.1150
11/30/1993,1.1205,1.1262,1.1262,1.1185
11/29/1993,1.1256,1.1218,1.1263,1.1191
11/26/1993,1.1220,1.1245,1.1260,1.1212
11/25/1993,1.1244,1.1283,1.1283,1.1244
11/24/1993,1.1274,1.1250,1.1316,1.1250
11/23/1993,1.1265,1.1253,1.1294,1.1200
11/22/1993,1.1260,1.1206,1.1283,1.1182
11/19/1993,1.1201,1.1236,1.1238,1.1184
11/18/1993,1.1229,1.1283,1.1283,1.1200
11/17/1993,1.1283,1.1255,1.1311,1.1225
11/16/1993,1.1269,1.1319,1.1337,1.1238
11/15/1993,1.1329,1.1366,1.1393,1.1308
11/12/1993,1.1373,1.1303,1.1392,1.1265
11/11/1993,1.1302,1.1345,1.1350,1.1298
11/10/1993,1.1340,1.1317,1.1340,1.1267
11/09/1993,1.1305,1.1360,1.1384,1.1274
11/08/1993,1.1365,1.1342,1.1393,1.1325
11/05/1993,1.1333,1.1322,1.1373,1.1255
11/04/1993,1.1322,1.1348,1.1365,1.1290
11/03/1993,1.1330,1.1265,1.1348,1.1260
11/02/1993,1.1290,1.1285,1.1337,1.1270
11/01/1993,1.1290,1.1326,1.1345,1.1265
10/29/1993,1.1330,1.1433,1.1450,1.1330
10/28/1993,1.1415,1.1385,1.1450,1.1302
10/27/1993,1.1381,1.1384,1.1439,1.1365
10/26/1993,1.1400,1.1350,1.1417,1.1340
10/25/1993,1.1358,1.1411,1.1480,1.1349
10/22/1993,1.1398,1.1398,1.1465,1.1387
10/21/1993,1.1433,1.1580,1.1595,1.1422
10/20/1993,1.1580,1.1557,1.1614,1.1510
10/19/1993,1.1558,1.1535,1.1595,1.1535
10/18/1993,1.1562,1.1673,1.1673,1.1542
10/15/1993,1.1692,1.1707,1.1732,1.1684
10/14/1993,1.1707,1.1801,1.1829,1.1698
10/13/1993,1.1810,1.1851,1.1883,1.1771
10/12/1993,1.1860,1.1785,1.1886,1.1784
10/11/1993,1.1773,1.1787,1.1821,1.1773
10/08/1993,1.1772,1.1652,1.1803,1.1629
10/07/1993,1.1652,1.1691,1.1700,1.1627
10/06/1993,1.1679,1.1663,1.1712,1.1627
10/05/1993,1.1669,1.1690,1.1755,1.1650
10/04/1993,1.1698,1.1639,1.1720,1.1487
10/01/1993,1.1633,1.1618,1.1664,1.1547
09/30/1993,1.1618,1.1778,1.1778,1.1603
09/29/1993,1.1778,1.1767,1.1823,1.1749
09/28/1993,1.1773,1.1690,1.1780,1.1645
09/27/1993,1.1688,1.1678,1.1710,1.1650
09/24/1993,1.1629,1.1575,1.1630,1.1512
09/23/1993,1.1607,1.1681,1.1704,1.1578
09/22/1993,1.1670,1.1767,1.1767,1.1613
09/21/1993,1.1769,1.1818,1.1869,1.1723
09/20/1993,1.1824,1.1762,1.1824,1.1732
09/17/1993,1.1779,1.1860,1.1860,1.1750
09/16/1993,1.1852,1.1910,1.1969,1.1803
09/15/1993,1.1909,1.1829,1.1989,1.1814
09/14/1993,1.1831,1.1840,1.1871,1.1784
09/13/1993,1.1867,1.1855,1.1927,1.1810
09/10/1993,1.1865,1.1795,1.1890,1.1792
09/09/1993,1.1810,1.1692,1.1840,1.1672
09/08/1993,1.1707,1.1723,1.1735,1.1658
09/07/1993,1.1713,1.1707,1.1793,1.1662
09/06/1993,1.1747,1.1650,1.1759,1.1635
09/03/1993,1.1650,1.1508,1.1650,1.1469
09/02/1993,1.1515,1.1445,1.1533,1.1437
09/01/1993,1.1453,1.1378,1.1490,1.1357
08/31/1993,1.1380,1.1388,1.1443,1.1350
08/30/1993,1.1380,1.1408,1.1420,1.1360
08/27/1993,1.1425,1.1410,1.1435,1.1375
08/26/1993,1.1412,1.1323,1.1445,1.1302
08/25/1993,1.1333,1.1387,1.1410,1.1277
08/24/1993,1.1393,1.1346,1.1406,1.1324
08/23/1993,1.1358,1.1412,1.1436,1.1320
08/20/1993,1.1420,1.1324,1.1435,1.1285
08/19/1993,1.1324,1.1341,1.1401,1.1280
08/18/1993,1.1354,1.1253,1.1370,1.1245
08/17/1993,1.1262,1.1277,1.1301,1.1225
08/16/1993,1.1271,1.1125,1.1294,1.1117
08/13/1993,1.1107,1.1112,1.1145,1.1077
08/12/1993,1.1120,1.1110,1.1166,1.1066
08/11/1993,1.1113,1.1098,1.1173,1.1070
08/10/1993,1.1092,1.1190,1.1196,1.1070
08/09/1993,1.1202,1.1262,1.1295,1.1182
08/06/1993,1.1270,1.1205,1.1310,1.1177
08/05/1993,1.1208,1.1233,1.1242,1.1162
08/04/1993,1.1255,1.1178,1.1275,1.1165
08/03/1993,1.1173,1.1065,1.1249,1.1025
08/02/1993,1.1107,1.0945,1.1107,1.0817
07/30/1993,1.0935,1.1152,1.1178,1.0870
07/29/1993,1.1142,1.1304,1.1327,1.1118
07/28/1993,1.1302,1.1245,1.1311,1.1237
07/27/1993,1.1244,1.1269,1.1294,1.1240
07/26/1993,1.1265,1.1300,1.1307,1.1237
07/23/1993,1.1282,1.1402,1.1402,1.1277
07/22/1993,1.1402,1.1436,1.1437,1.1332
07/21/1993,1.1463,1.1436,1.1492,1.1422
07/20/1993,1.1458,1.1403,1.1458,1.1366
07/19/1993,1.1400,1.1330,1.1421,1.1326
07/16/1993,1.1320,1.1306,1.1325,1.1215
07/15/1993,1.1307,1.1357,1.1383,1.1277
07/14/1993,1.1363,1.1353,1.1370,1.1276
07/13/1993,1.1361,1.1274,1.1373,1.1262
07/12/1993,1.1274,1.1330,1.1357,1.1247
07/09/1993,1.1331,1.1490,1.1490,1.1320
07/08/1993,1.1477,1.1475,1.1515,1.1420
07/07/1993,1.1475,1.1488,1.1536,1.1447
07/06/1993,1.1486,1.1540,1.1546,1.1466
07/05/1993,1.1540,1.1542,1.1552,1.1508
07/02/1993,1.1540,1.1567,1.1630,1.1501
07/01/1993,1.1571,1.1471,1.1571,1.1425
06/30/1993,1.1471,1.1540,1.1610,1.1450
06/29/1993,1.1606,1.1540,1.1612,1.1511
06/28/1993,1.1550,1.1476,1.1560,1.1416
06/25/1993,1.1467,1.1455,1.1547,1.1450
06/24/1993,1.1476,1.1579,1.1593,1.1430
06/23/1993,1.1578,1.1558,1.1593,1.1490
06/22/1993,1.1550,1.1612,1.1636,1.1530
06/21/1993,1.1612,1.1651,1.1657,1.1565
06/18/1993,1.1663,1.1812,1.1833,1.1626
06/17/1993,1.1806,1.1805,1.1853,1.1776
06/16/1993,1.1810,1.1892,1.1911,1.1778
06/15/1993,1.1884,1.2016,1.2058,1.1859
06/14/1993,1.2012,1.2009,1.2073,1.2000
06/11/1993,1.2009,1.2012,1.2075,1.1980
06/10/1993,1.2011,1.1959,1.2011,1.1920
06/09/1993,1.1962,1.2031,1.2041,1.1927
06/08/1993,1.2027,1.2060,1.2086,1.2010
06/07/1993,1.2060,1.2002,1.2072,1.1990
06/04/1993,1.1999,1.2225,1.2230,1.1980
06/03/1993,1.2225,1.2205,1.2225,1.2165
06/02/1993,1.2203,1.2299,1.2304,1.2187
06/01/1993,1.2300,1.2278,1.2311,1.2214
05/31/1993,1.2241,1.2239,1.2254,1.2235
05/28/1993,1.2295,1.2180,1.2301,1.2152
05/27/1993,1.2180,1.2025,1.2185,1.1990
05/26/1993,1.2028,1.2025,1.2064,1.1990
05/25/1993,1.2021,1.1980,1.2054,1.1940
05/24/1993,1.1978,1.2032,1.2053,1.1935
05/21/1993,1.2057,1.2106,1.2125,1.2017
05/20/1993,1.2107,1.2053,1.2162,1.2045
05/19/1993,1.2059,1.2049,1.2123,1.2016
05/18/1993,1.2058,1.2095,1.2103,1.1997
05/17/1993,1.2105,1.2144,1.2183,1.2079
05/14/1993,1.2178,1.2067,1.2191,1.2058
05/13/1993,1.2067,1.2144,1.2148,1.2039
05/12/1993,1.2144,1.2135,1.2172,1.2090
05/11/1993,1.2160,1.2155,1.2185,1.2108
05/10/1993,1.2155,1.2325,1.2361,1.2145
05/07/1993,1.2346,1.2425,1.2478,1.2346
05/06/1993,1.2435,1.2378,1.2435,1.2340
05/05/1993,1.2385,1.2429,1.2440,1.2360
05/04/1993,1.2405,1.2348,1.2449,1.2348
05/03/1993,1.2370,1.2305,1.2370,1.2260
04/30/1993,1.2330,1.2330,1.2388,1.2286
04/29/1993,1.2388,1.2368,1.2443,1.2343
04/28/1993,1.2388,1.2315,1.2390,1.2250
04/27/1993,1.2315,1.2440,1.2455,1.2315
04/26/1993,1.2440,1.2355,1.2485,1.2330
04/23/1993,1.2326,1.2270,1.2365,1.2210
04/22/1993,1.2270,1.2185,1.2271,1.2095
04/21/1993,1.2190,1.2200,1.2240,1.2130
04/20/1993,1.2203,1.2190,1.2312,1.2147
04/19/1993,1.2188,1.2067,1.2212,1.2067
04/16/1993,1.2056,1.2129,1.2148,1.2046
04/15/1993,1.2133,1.2205,1.2255,1.2119
04/14/1993,1.2217,1.2321,1.2321,1.2206
04/13/1993,1.2320,1.2225,1.2345,1.2185
04/12/1993,1.2221,1.2105,1.2240,1.2105
04/09/1993,1.2130,1.2107,1.2130,1.2094
04/08/1993,1.2123,1.2007,1.2145,1.2007
04/07/1993,1.2014,1.2045,1.2097,1.2005
04/06/1993,1.2067,1.2164,1.2164,1.2035
04/05/1993,1.2164,1.2140,1.2175,1.2108
04/02/1993,1.2148,1.2165,1.2224,1.2015
04/01/1993,1.2178,1.2043,1.2208,1.1990
03/31/1993,1.2070,1.1995,1.2070,1.1955
03/30/1993,1.1978,1.1928,1.1995,1.1887
03/29/1993,1.1918,1.1886,1.1932,1.1851
03/26/1993,1.1875,1.1798,1.1910,1.1790
03/25/1993,1.1809,1.1835,1.1886,1.1792
03/24/1993,1.1830,1.1900,1.1933,1.1820
03/23/1993,1.1895,1.1840,1.1907,1.1815
03/22/1993,1.1843,1.1849,1.1880,1.1759
03/19/1993,1.1857,1.1751,1.1900,1.1721
03/18/1993,1.1810,1.1675,1.1810,1.1625
03/17/1993,1.1675,1.1665,1.1698,1.1640
03/16/1993,1.1662,1.1665,1.1713,1.1650
03/15/1993,1.1663,1.1633,1.1689,1.1621
03/12/1993,1.1650,1.1683,1.1705,1.1625
03/11/1993,1.1680,1.1678,1.1707,1.1608
03/10/1993,1.1653,1.1661,1.1681,1.1619
03/09/1993,1.1659,1.1681,1.1722,1.1626
03/08/1993,1.1697,1.1645,1.1746,1.1640
03/05/1993,1.1675,1.1836,1.1859,1.1625
03/04/1993,1.1854,1.1806,1.1881,1.1760
03/03/1993,1.1799,1.1845,1.1898,1.1780
03/02/1993,1.1839,1.1728,1.1858,1.1716
03/01/1993,1.1738,1.1719,1.1810,1.1713
02/26/1993,1.1780,1.1832,1.1835,1.1735
02/25/1993,1.1824,1.1897,1.1907,1.1790
02/24/1993,1.1885,1.1915,1.1970,1.1865
02/23/1993,1.1917,1.1934,1.1993,1.1883
02/22/1993,1.1925,1.1853,1.1935,1.1838
02/19/1993,1.1872,1.1908,1.1965,1.1841
02/18/1993,1.1905,1.1943,1.1958,1.1709
02/17/1993,1.1945,1.1930,1.1978,1.1898
02/16/1993,1.1930,1.1708,1.1933,1.1708
02/15/1993,1.1733,1.1705,1.1768,1.1690
02/12/1993,1.1740,1.1744,1.1837,1.1706
02/11/1993,1.1743,1.1728,1.1770,1.1718
02/10/1993,1.1730,1.1788,1.1868,1.1726
02/09/1993,1.1783,1.1777,1.1817,1.1720
02/08/1993,1.1781,1.1770,1.1838,1.1752
02/05/1993,1.1750,1.1738,1.1855,1.1722
02/04/1993,1.1759,1.1820,1.1863,1.1712
02/03/1993,1.1815,1.1884,1.1943,1.1766
02/02/1993,1.1898,1.1937,1.2006,1.1862
02/01/1993,1.1932,1.2110,1.2110,1.1910
01/29/1993,1.2110,1.2315,1.2345,1.2100
01/28/1993,1.2311,1.2315,1.2315,1.2311
01/27/1993,1.2315,1.2426,1.2430,1.2295
01/26/1993,1.2431,1.2441,1.2500,1.2391
01/25/1993,1.2440,1.2319,1.2483,1.2265
01/22/1993,1.2321,1.2161,1.2337,1.2139
01/21/1993,1.2157,1.2266,1.2272,1.2127
01/20/1993,1.2251,1.2188,1.2257,1.2182
01/19/1993,1.2185,1.2165,1.2226,1.2136
01/18/1993,1.2172,1.2005,1.2176,1.2005
01/15/1993,1.2010,1.2077,1.2108,1.2004
01/14/1993,1.2080,1.2085,1.2137,1.2052
01/13/1993,1.2095,1.2004,1.2096,1.1989
01/12/1993,1.2046,1.2050,1.2107,1.2022
01/11/1993,1.2054,1.1982,1.2097,1.1982
01/08/1993,1.1910,1.1968,1.1986,1.1883
01/07/1993,1.1980,1.1979,1.2013,1.1951
01/06/1993,1.1990,1.2047,1.2079,1.1956
01/05/1993,1.2040,1.1919,1.2060,1.1903
01/04/1993,1.1909,1.2040,1.2045,1.1877
12/31/1992,1.2047,1.2063,1.2099,1.2045
12/30/1992,1.2064,1.2075,1.2130,1.2048
12/29/1992,1.2090,1.2063,1.2095,1.2028
12/28/1992,1.2050,1.2188,1.2213,1.2025
12/25/1992,1.2220,1.2220,1.2220,1.2220
12/24/1992,1.2220,1.2265,1.2295,1.2220
12/23/1992,1.2250,1.2313,1.2340,1.2248
12/22/1992,1.2291,1.2453,1.2455,1.2284
12/21/1992,1.2451,1.2455,1.2502,1.2435
12/18/1992,1.2485,1.2555,1.2560,1.2438
12/17/1992,1.2560,1.2575,1.2665,1.2517
12/16/1992,1.2571,1.2517,1.2608,1.2493
12/15/1992,1.2511,1.2497,1.2537,1.2462
12/14/1992,1.2495,1.2465,1.2515,1.2463
12/11/1992,1.2430,1.2384,1.2451,1.2358
12/10/1992,1.2401,1.2457,1.2473,1.2360
12/09/1992,1.2460,1.2582,1.2582,1.2440
12/08/1992,1.2615,1.2619,1.2661,1.2562
12/07/1992,1.2617,1.2328,1.2632,1.2328
12/04/1992,1.2352,1.2413,1.2463,1.2307
12/03/1992,1.2385,1.2436,1.2439,1.2363
12/02/1992,1.2442,1.2428,1.2480,1.2364
12/01/1992,1.2428,1.2324,1.2482,1.2265
11/30/1992,1.2312,1.2260,1.2324,1.2180
11/27/1992,1.2245,1.2287,1.2287,1.2183
11/26/1992,1.2290,1.2355,1.2358,1.2285
11/25/1992,1.2350,1.2287,1.2372,1.2261
11/24/1992,1.2289,1.2268,1.2299,1.2182
11/23/1992,1.2264,1.2135,1.2279,1.2132
11/20/1992,1.2313,1.2469,1.2483,1.2277
11/19/1992,1.2473,1.2393,1.2507,1.2393
11/18/1992,1.2370,1.2367,1.2439,1.2307
11/17/1992,1.2372,1.2355,1.2372,1.2245
11/16/1992,1.2360,1.2480,1.2507,1.2334
11/13/1992,1.2500,1.2415,1.2575,1.2415
11/12/1992,1.2429,1.2370,1.2432,1.2318
11/11/1992,1.2367,1.2373,1.2391,1.2285
11/10/1992,1.2325,1.2251,1.2325,1.2232
11/09/1992,1.2295,1.2318,1.2415,1.2281
11/06/1992,1.2317,1.2417,1.2437,1.2313
11/05/1992,1.2411,1.2546,1.2570,1.2405
11/04/1992,1.2519,1.2543,1.2672,1.2484
11/03/1992,1.2545,1.2557,1.2616,1.2448
11/02/1992,1.2551,1.2722,1.2730,1.2497
10/30/1992,1.2729,1.2773,1.2818,1.2712
10/29/1992,1.2762,1.2705,1.2804,1.2665
10/28/1992,1.2709,1.2852,1.2865,1.2657
10/27/1992,1.2833,1.2795,1.2858,1.2680
10/26/1992,1.2814,1.2830,1.2898,1.2705
10/23/1992,1.2840,1.2983,1.3098,1.2765
10/22/1992,1.2993,1.2860,1.3038,1.2860
10/21/1992,1.2856,1.2925,1.3026,1.2849
10/20/1992,1.2924,1.3005,1.3045,1.2862
10/19/1992,1.2990,1.3123,1.3220,1.2990
10/16/1992,1.3160,1.3343,1.3412,1.3160
10/15/1992,1.3414,1.3440,1.3500,1.3400
10/14/1992,1.3395,1.3347,1.3414,1.3290
10/13/1992,1.3325,1.3223,1.3364,1.3133
10/12/1992,1.3245,1.3283,1.3380,1.3178
10/09/1992,1.3155,1.3113,1.3248,1.3078
10/08/1992,1.3172,1.3405,1.3418,1.3167
10/07/1992,1.3430,1.3608,1.3674,1.3430
10/06/1992,1.3645,1.3603,1.3679,1.3535
10/05/1992,1.3643,1.3805,1.3919,1.3617
10/02/1992,1.3785,1.3775,1.3877,1.3615
10/01/1992,1.3785,1.3855,1.3890,1.3630
09/30/1992,1.3860,1.3862,1.3993,1.3782
09/29/1992,1.3887,1.3539,1.3918,1.3458
09/28/1992,1.3535,1.3183,1.3590,1.3153
09/25/1992,1.3205,1.3090,1.3275,1.3060
09/24/1992,1.3095,1.3060,1.3137,1.2980
09/23/1992,1.3080,1.2925,1.3117,1.2850
09/22/1992,1.2935,1.3243,1.3321,1.2930
09/21/1992,1.3205,1.3103,1.3273,1.3050
09/18/1992,1.3005,1.3243,1.3273,1.2903
09/17/1992,1.3270,1.2722,1.3341,1.2653
09/16/1992,1.2980,1.3503,1.3523,1.2883
09/15/1992,1.3467,1.3605,1.3749,1.3460
09/14/1992,1.3615,1.3543,1.3723,1.3453
09/11/1992,1.3937,1.4303,1.4354,1.3903
09/10/1992,1.4224,1.4294,1.4385,1.4146
09/09/1992,1.4308,1.4525,1.4530,1.4303
09/08/1992,1.4535,1.4453,1.4580,1.4443
09/07/1992,1.4443,1.4415,1.4463,1.4415
09/04/1992,1.4445,1.4301,1.4501,1.4103
09/03/1992,1.4305,1.4475,1.4525,1.4295
09/02/1992,1.4495,1.4523,1.4579,1.4482
09/01/1992,1.4536,1.4415,1.4557,1.4383
08/31/1992,1.4410,1.4345,1.4434,1.4303
08/28/1992,1.4335,1.4336,1.4400,1.4306
08/27/1992,1.4335,1.4361,1.4363,1.4263
08/26/1992,1.4366,1.4416,1.4428,1.4337
08/25/1992,1.4425,1.4423,1.4497,1.4340
08/24/1992,1.4430,1.4305,1.4487,1.4240
08/21/1992,1.4210,1.4030,1.4223,1.3924
08/20/1992,1.4035,1.3965,1.4045,1.3954
08/19/1992,1.3975,1.3950,1.3990,1.3913
08/18/1992,1.3963,1.3855,1.3973,1.3855
08/17/1992,1.3897,1.3847,1.3927,1.3787
08/14/1992,1.3885,1.3968,1.3978,1.3840
08/13/1992,1.3976,1.3905,1.3984,1.3870
08/12/1992,1.3916,1.3895,1.3927,1.3840
08/11/1992,1.3897,1.3925,1.3945,1.3782
08/10/1992,1.3923,1.3902,1.3932,1.3845
08/07/1992,1.3898,1.3800,1.3937,1.3774
08/06/1992,1.3803,1.3740,1.3810,1.3705
08/05/1992,1.3760,1.3802,1.3816,1.3725
08/04/1992,1.3803,1.3836,1.3839,1.3780
08/03/1992,1.3838,1.3805,1.3851,1.3772
07/31/1992,1.3828,1.3805,1.3832,1.3747
07/30/1992,1.3815,1.3753,1.3820,1.3675
07/29/1992,1.3764,1.3840,1.3860,1.3735
07/28/1992,1.3840,1.3773,1.3865,1.3740
07/27/1992,1.3785,1.3553,1.3785,1.3553
07/24/1992,1.3555,1.3731,1.3760,1.3542
07/23/1992,1.3752,1.3705,1.3767,1.3675
07/22/1992,1.3710,1.3715,1.3764,1.3635
07/21/1992,1.3725,1.3648,1.3735,1.3523
07/20/1992,1.3645,1.3998,1.4055,1.3595
07/17/1992,1.3965,1.3768,1.3980,1.3760
07/16/1992,1.3795,1.3728,1.3875,1.3673
07/15/1992,1.3745,1.3723,1.3815,1.3710
07/14/1992,1.3737,1.3825,1.3836,1.3691
07/13/1992,1.3845,1.3721,1.3845,1.3715
07/10/1992,1.3660,1.3513,1.3685,1.3453
07/09/1992,1.3535,1.3713,1.3791,1.3449
07/08/1992,1.3733,1.3743,1.3845,1.3633
07/07/1992,1.3745,1.3527,1.3750,1.3519
07/06/1992,1.3535,1.3458,1.3564,1.3368
07/03/1992,1.3493,1.3552,1.3615,1.3457
07/02/1992,1.3575,1.3443,1.3630,1.3434
07/01/1992,1.3450,1.3443,1.3556,1.3428
06/30/1992,1.3447,1.3468,1.3495,1.3393
06/29/1992,1.3464,1.3335,1.3529,1.3322
06/26/1992,1.3356,1.3310,1.3377,1.3265
06/25/1992,1.3335,1.3213,1.3343,1.3173
06/24/1992,1.3235,1.3073,1.3235,1.3073
06/23/1992,1.3085,1.3100,1.3161,1.3080
06/22/1992,1.3100,1.3023,1.3105,1.2993
06/19/1992,1.3030,1.3059,1.3088,1.3023
06/18/1992,1.3070,1.3005,1.3110,1.2932
06/17/1992,1.3015,1.3100,1.3102,1.2980
06/16/1992,1.3103,1.3035,1.3107,1.2980
06/15/1992,1.3050,1.2981,1.3066,1.2979
06/12/1992,1.2985,1.2988,1.3047,1.2966
06/11/1992,1.2985,1.2878,1.3005,1.2868
06/10/1992,1.2893,1.2873,1.2897,1.2813
06/09/1992,1.2878,1.2901,1.2953,1.2858
06/08/1992,1.2913,1.2900,1.2913,1.2845
06/05/1992,1.2887,1.2875,1.2932,1.2838
06/04/1992,1.2878,1.2762,1.2882,1.2747
06/03/1992,1.2785,1.2706,1.2805,1.2658
06/02/1992,1.2718,1.2796,1.2827,1.2705
06/01/1992,1.2798,1.2790,1.2887,1.2739
05/29/1992,1.2785,1.2653,1.2825,1.2633
05/28/1992,1.2650,1.2554,1.2650,1.2550
05/27/1992,1.2565,1.2728,1.2728,1.2541
05/26/1992,1.2735,1.2718,1.2791,1.2703
05/25/1992,1.2725,1.2717,1.2749,1.2704
05/22/1992,1.2720,1.2708,1.2734,1.2655
05/21/1992,1.2710,1.2811,1.2843,1.2692
05/20/1992,1.2837,1.2855,1.2900,1.2797
05/19/1992,1.2895,1.2868,1.2940,1.2851
05/18/1992,1.2875,1.2774,1.2891,1.2774
05/15/1992,1.2767,1.2767,1.2797,1.2673
05/14/1992,1.2701,1.2701,1.2807,1.2687
05/13/1992,1.2780,1.2780,1.2786,1.2651
05/12/1992,1.2663,1.2663,1.2687,1.2535
05/11/1992,1.2545,1.2545,1.2550,1.2478
05/08/1992,1.2493,1.2493,1.2608,1.2446
05/07/1992,1.2570,1.2570,1.2606,1.2523
05/06/1992,1.2608,1.2608,1.2631,1.2505
05/05/1992,1.2541,1.2541,1.2545,1.2437
05/04/1992,1.2467,1.2467,1.2509,1.2445
05/01/1992,1.2510,1.2510,1.2515,1.2403
04/30/1992,1.2455,1.2455,1.2458,1.2353
04/29/1992,1.2381,1.2381,1.2426,1.2367
04/28/1992,1.2422,1.2422,1.2425,1.2353
04/27/1992,1.2410,1.2410,1.2438,1.2365
04/24/1992,1.2425,1.2425,1.2457,1.2363
04/23/1992,1.2375,1.2375,1.2382,1.2300
04/22/1992,1.2353,1.2353,1.2365,1.2275
04/21/1992,1.2297,1.2297,1.2340,1.2277
04/20/1992,1.2305,1.2305,1.2329,1.2247
04/17/1992,1.2287,1.2287,1.2313,1.2285
04/16/1992,1.2285,1.2285,1.2403,1.2258
04/15/1992,1.2325,1.2325,1.2425,1.2321
04/14/1992,1.2385,1.2385,1.2483,1.2385
04/13/1992,1.2400,1.2400,1.2497,1.2360
04/10/1992,1.2505,1.2505,1.2646,1.2491
04/09/1992,1.2625,1.2625,1.2670,1.2485
04/08/1992,1.2555,1.2555,1.2618,1.2537
04/07/1992,1.2600,1.2600,1.2605,1.2528
04/06/1992,1.2565,1.2565,1.2622,1.2483
04/03/1992,1.2555,1.2555,1.2590,1.2412
04/02/1992,1.2430,1.2430,1.2447,1.2319
04/01/1992,1.2365,1.2365,1.2437,1.2333
03/31/1992,1.2431,1.2431,1.2465,1.2384
03/30/1992,1.2415,1.2415,1.2453,1.2351
03/27/1992,1.2450,1.2450,1.2465,1.2280
03/26/1992,1.2315,1.2315,1.2385,1.2295
03/25/1992,1.2382,1.2382,1.2395,1.2287
03/24/1992,1.2290,1.2290,1.2317,1.2225
03/23/1992,1.2274,1.2274,1.2293,1.2170
03/20/1992,1.2235,1.2235,1.2323,1.2128
03/19/1992,1.2231,1.2231,1.2382,1.2212
03/18/1992,1.2358,1.2358,1.2430,1.2340
03/17/1992,1.2419,1.2419,1.2426,1.2280
03/16/1992,1.2302,1.2302,1.2304,1.2210
03/13/1992,1.2246,1.2246,1.2293,1.2198
03/12/1992,1.2253,1.2253,1.2327,1.2187
03/11/1992,1.2311,1.2311,1.2338,1.2195
03/10/1992,1.2250,1.2250,1.2336,1.2227
03/09/1992,1.2314,1.2314,1.2327,1.2255
03/06/1992,1.2270,1.2270,1.2339,1.2205
03/05/1992,1.2236,1.2236,1.2280,1.2181
03/04/1992,1.2276,1.2276,1.2362,1.2235
03/03/1992,1.2353,1.2353,1.2463,1.2317
03/02/1992,1.2456,1.2456,1.2539,1.2424
02/28/1992,1.2485,1.2485,1.2553,1.2443
02/27/1992,1.2522,1.2522,1.2530,1.2419
02/26/1992,1.2438,1.2438,1.2447,1.2285
02/25/1992,1.2340,1.2340,1.2543,1.2325
02/24/1992,1.2383,1.2383,1.2442,1.2302
02/21/1992,1.2366,1.2366,1.2468,1.2340
02/20/1992,1.2445,1.2445,1.2490,1.2348
02/19/1992,1.2455,1.2455,1.2474,1.2400
02/18/1992,1.2446,1.2446,1.2608,1.2385
02/17/1992,1.2603,1.2603,1.2715,1.2585
02/14/1992,1.2575,1.2575,1.2675,1.2533
02/13/1992,1.2600,1.2600,1.2809,1.2547
02/12/1992,1.2715,1.2715,1.2842,1.2680
02/11/1992,1.2802,1.2802,1.2981,1.2787
02/10/1992,1.2945,1.2945,1.3112,1.2925
02/07/1992,1.3095,1.3095,1.3103,1.2899
02/06/1992,1.2950,1.2950,1.2990,1.2897
02/05/1992,1.2915,1.2915,1.2928,1.2820
02/04/1992,1.2815,1.2815,1.2878,1.2745
02/03/1992,1.2765,1.2765,1.2807,1.2704
01/31/1992,1.2685,1.2685,1.2755,1.2613
01/30/1992,1.2642,1.2642,1.2800,1.2602
01/29/1992,1.2750,1.2750,1.2894,1.2715
01/28/1992,1.2765,1.2765,1.2814,1.2649
01/27/1992,1.2679,1.2679,1.2767,1.2622
01/24/1992,1.2790,1.2790,1.2874,1.2647
01/23/1992,1.2700,1.2700,1.2853,1.2630
01/22/1992,1.2843,1.2843,1.2902,1.2782
01/21/1992,1.2864,1.2864,1.2919,1.2799
01/20/1992,1.2850,1.2850,1.2913,1.2768
01/17/1992,1.2839,1.2839,1.2839,1.2483
01/16/1992,1.2609,1.2609,1.2666,1.2535
01/15/1992,1.2547,1.2547,1.2830,1.2467
01/14/1992,1.2808,1.2808,1.3002,1.2747
01/13/1992,1.2906,1.2906,1.2963,1.2865
01/10/1992,1.2844,1.2844,1.3113,1.2817
01/09/1992,1.3040,1.3040,1.3490,1.2985
01/08/1992,1.3489,1.3489,1.3527,1.3371
01/07/1992,1.3495,1.3495,1.3512,1.3367
01/06/1992,1.3437,1.3437,1.3439,1.3211
01/03/1992,1.3182,1.3182,1.3312,1.3134
01/02/1992,1.3285,1.3285,1.3452,1.3252
01/01/1992,1.3369,1.3369,1.3369,1.3369
12/31/1991,1.3369,1.3369,1.3397,1.3329
12/30/1991,1.3359,1.3359,1.3403,1.3302
12/27/1991,1.3345,1.3345,1.3495,1.3330
12/26/1991,1.3468,1.3468,1.3468,1.3357
12/25/1991,1.3355,1.3355,1.3355,1.3355
12/24/1991,1.3340,1.3340,1.3371,1.3291
12/23/1991,1.3384,1.3384,1.3453,1.3243
12/20/1991,1.3220,1.3220,1.3255,1.3037
12/19/1991,1.3049,1.3049,1.3070,1.2921
12/18/1991,1.2957,1.2957,1.2996,1.2930
12/17/1991,1.2969,1.2969,1.2997,1.2895
12/16/1991,1.2937,1.2937,1.2952,1.2824
12/13/1991,1.2834,1.2834,1.2925,1.2819
12/12/1991,1.2853,1.2853,1.2942,1.2852
12/11/1991,1.2905,1.2905,1.2917,1.2757
12/10/1991,1.2872,1.2872,1.3002,1.2827
12/09/1991,1.2932,1.2932,1.2965,1.2864
12/06/1991,1.2953,1.2953,1.2962,1.2782
12/05/1991,1.2794,1.2794,1.2820,1.2712
12/04/1991,1.2713,1.2713,1.2722,1.2592
12/03/1991,1.2654,1.2654,1.2662,1.2592
12/02/1991,1.2612,1.2612,1.2690,1.2598
11/29/1991,1.2550,1.2550,1.2607,1.2455
11/28/1991,1.2593,1.2593,1.2646,1.2577
11/27/1991,1.2620,1.2620,1.2710,1.2572
11/26/1991,1.2614,1.2614,1.2885,1.2510
11/25/1991,1.2797,1.2797,1.2883,1.2780
11/22/1991,1.2824,1.2824,1.2874,1.2721
11/21/1991,1.2753,1.2753,1.2807,1.2705
11/20/1991,1.2754,1.2754,1.2773,1.2692
11/19/1991,1.2760,1.2760,1.2827,1.2658
11/18/1991,1.2664,1.2664,1.2759,1.2614
11/15/1991,1.2605,1.2605,1.2627,1.2462
11/14/1991,1.2537,1.2537,1.2567,1.2505
11/13/1991,1.2507,1.2507,1.2528,1.2442
11/12/1991,1.2462,1.2462,1.2522,1.2407
11/11/1991,1.2463,1.2463,1.2463,1.2379
11/08/1991,1.2399,1.2399,1.2470,1.2378
11/07/1991,1.2454,1.2454,1.2580,1.2441
11/06/1991,1.2490,1.2490,1.2547,1.2431
11/05/1991,1.2480,1.2480,1.2507,1.2425
11/04/1991,1.2479,1.2479,1.2561,1.2422
11/01/1991,1.2439,1.2439,1.2452,1.2245
10/31/1991,1.2242,1.2242,1.2285,1.2208
10/30/1991,1.2249,1.2249,1.2277,1.2122
10/29/1991,1.2153,1.2153,1.2187,1.1919
10/28/1991,1.1929,1.1929,1.2052,1.1905
10/25/1991,1.2048,1.2048,1.2095,1.2027
10/24/1991,1.2050,1.2050,1.2084,1.1976
10/23/1991,1.1965,1.1965,1.2085,1.1963
10/22/1991,1.2054,1.2054,1.2102,1.2039
10/21/1991,1.2090,1.2090,1.2157,1.2077
10/18/1991,1.2134,1.2134,1.2147,1.2065
10/17/1991,1.2075,1.2075,1.2090,1.1997
10/16/1991,1.2010,1.2010,1.2057,1.1967
10/15/1991,1.1959,1.1959,1.2050,1.1955
10/14/1991,1.2054,1.2054,1.2123,1.2050
10/11/1991,1.2125,1.2125,1.2134,1.2012
10/10/1991,1.2075,1.2075,1.2174,1.2052
10/09/1991,1.2122,1.2122,1.2152,1.1970
10/08/1991,1.2010,1.2010,1.2212,1.2010
10/07/1991,1.2195,1.2195,1.2308,1.2174
10/04/1991,1.2209,1.2209,1.2333,1.2149
10/03/1991,1.2313,1.2313,1.2341,1.2273
10/02/1991,1.2285,1.2285,1.2334,1.2269
10/01/1991,1.2275,1.2275,1.2294,1.2252
09/30/1991,1.2279,1.2279,1.2342,1.2273
09/27/1991,1.2260,1.2260,1.2262,1.2096
09/26/1991,1.2140,1.2140,1.2220,1.2119
09/25/1991,1.2191,1.2191,1.2213,1.2125
09/24/1991,1.2129,1.2129,1.2305,1.2121
09/23/1991,1.2235,1.2235,1.2269,1.2180
09/20/1991,1.2155,1.2155,1.2180,1.2052
09/19/1991,1.2136,1.2136,1.2175,1.2102
09/18/1991,1.2159,1.2159,1.2241,1.2085
09/17/1991,1.2245,1.2245,1.2285,1.2209
09/16/1991,1.2225,1.2225,1.2263,1.2107
09/13/1991,1.2149,1.2149,1.2200,1.2083
09/12/1991,1.2155,1.2155,1.2220,1.2117
09/11/1991,1.2144,1.2144,1.2144,1.2027
09/10/1991,1.2115,1.2115,1.2163,1.2073
09/09/1991,1.2108,1.2108,1.2144,1.1844
09/06/1991,1.1980,1.1980,1.1980,1.1795
09/05/1991,1.1819,1.1819,1.1833,1.1802
09/04/1991,1.1829,1.1829,1.1850,1.1803
09/03/1991,1.1835,1.1835,1.1835,1.1770
09/02/1991,1.1768,1.1768,1.1780,1.1744
08/30/1991,1.1755,1.1755,1.1825,1.1715
08/29/1991,1.1778,1.1778,1.1879,1.1684
08/28/1991,1.1814,1.1814,1.1839,1.1671
08/27/1991,1.1740,1.1740,1.1784,1.1726
08/26/1991,1.1750,1.1750,1.1772,1.1717
08/23/1991,1.1740,1.1740,1.1862,1.1677
08/22/1991,1.1845,1.1845,1.1895,1.1724
08/21/1991,1.1810,1.1810,1.1829,1.1359
08/20/1991,1.1440,1.1440,1.1468,1.1267
08/19/1991,1.1278,1.1278,1.1665,1.1269
08/16/1991,1.1627,1.1627,1.1830,1.1627
08/15/1991,1.1725,1.1725,1.1900,1.1707
08/14/1991,1.1799,1.1799,1.1902,1.1778
08/13/1991,1.1835,1.1835,1.1911,1.1824
08/12/1991,1.1884,1.1884,1.1907,1.1820
08/09/1991,1.1860,1.1860,1.1980,1.1839
08/08/1991,1.1934,1.1934,1.2056,1.1885
08/07/1991,1.1989,1.1989,1.2001,1.1919
08/06/1991,1.1995,1.1995,1.2014,1.1944
08/05/1991,1.1952,1.1952,1.1956,1.1811
08/02/1991,1.1794,1.1794,1.1844,1.1620
08/01/1991,1.1700,1.1700,1.1782,1.1669
07/31/1991,1.1774,1.1774,1.1804,1.1692
07/30/1991,1.1694,1.1694,1.1795,1.1690
07/29/1991,1.1744,1.1744,1.1763,1.1691
07/26/1991,1.1774,1.1774,1.1854,1.1660
07/25/1991,1.1682,1.1682,1.1820,1.1637
07/24/1991,1.1835,1.1835,1.1858,1.1690
07/23/1991,1.1694,1.1694,1.1730,1.1601
07/22/1991,1.1654,1.1654,1.1795,1.1650
07/19/1991,1.1764,1.1764,1.1775,1.1575
07/18/1991,1.1589,1.1589,1.1635,1.1473
07/17/1991,1.1469,1.1469,1.1502,1.1408
07/16/1991,1.1412,1.1412,1.1482,1.1406
07/15/1991,1.1474,1.1474,1.1492,1.1440
07/12/1991,1.1484,1.1484,1.1513,1.1179
07/11/1991,1.1210,1.1210,1.1357,1.1189
07/10/1991,1.1335,1.1335,1.1362,1.1270
07/09/1991,1.1305,1.1305,1.1353,1.1300
07/08/1991,1.1364,1.1364,1.1380,1.1282
07/05/1991,1.1264,1.1264,1.1267,1.1165
07/04/1991,1.1210,1.1210,1.1253,1.1195
07/03/1991,1.1234,1.1234,1.1295,1.1205
07/02/1991,1.1209,1.1209,1.1280,1.1182
07/01/1991,1.1246,1.1246,1.1375,1.1232
06/28/1991,1.1355,1.1355,1.1442,1.1302
06/27/1991,1.1429,1.1429,1.1498,1.1387
06/26/1991,1.1489,1.1489,1.1517,1.1414
06/25/1991,1.1445,1.1445,1.1536,1.1395
06/24/1991,1.1519,1.1519,1.1534,1.1290
06/21/1991,1.1385,1.1385,1.1452,1.1364
06/20/1991,1.1444,1.1444,1.1545,1.1412
06/19/1991,1.1450,1.1450,1.1479,1.1262
06/18/1991,1.1305,1.1305,1.1442,1.1305
06/17/1991,1.1444,1.1444,1.1452,1.1399
06/14/1991,1.1429,1.1429,1.1504,1.1393
06/13/1991,1.1441,1.1441,1.1508,1.1386
06/12/1991,1.1500,1.1500,1.1615,1.1477
06/11/1991,1.1595,1.1595,1.1662,1.1572
06/10/1991,1.1644,1.1644,1.1650,1.1581
06/07/1991,1.1620,1.1620,1.1745,1.1599
06/06/1991,1.1748,1.1748,1.1780,1.1725
06/05/1991,1.1784,1.1784,1.1822,1.1723
06/04/1991,1.1797,1.1797,1.1839,1.1728
06/03/1991,1.1776,1.1776,1.1840,1.1707
05/31/1991,1.1804,1.1804,1.1971,1.1795
05/30/1991,1.1949,1.1949,1.2033,1.1926
05/29/1991,1.1974,1.1974,1.2132,1.1955
05/28/1991,1.2109,1.2109,1.2125,1.1980
05/27/1991,1.2045,1.2045,1.2087,1.2032
05/24/1991,1.2050,1.2050,1.2052,1.1970
05/23/1991,1.1980,1.1980,1.2007,1.1879
05/22/1991,1.1934,1.1934,1.1993,1.1915
05/21/1991,1.1989,1.1989,1.2026,1.1860
05/20/1991,1.1895,1.1895,1.1985,1.1682
05/17/1991,1.1900,1.1900,1.2129,1.1900
05/16/1991,1.2134,1.2134,1.2207,1.2111
05/15/1991,1.2208,1.2208,1.2229,1.2095
05/14/1991,1.2140,1.2140,1.2159,1.1944
05/13/1991,1.2010,1.2010,1.2057,1.1918
05/10/1991,1.1948,1.1948,1.2004,1.1865
05/09/1991,1.2000,1.2000,1.2002,1.1798
05/08/1991,1.2002,1.2002,1.2002,1.1870
05/07/1991,1.1980,1.1980,1.1997,1.1848
05/06/1991,1.1874,1.1874,1.1911,1.1772
05/03/1991,1.1744,1.1744,1.2022,1.1724
05/02/1991,1.1905,1.1905,1.2053,1.1895
05/01/1991,1.2045,1.2045,1.2165,1.2045
04/30/1991,1.1986,1.1986,1.1986,1.1551
04/29/1991,1.1770,1.1770,1.1795,1.1562
04/26/1991,1.1764,1.1764,1.1823,1.1733
04/25/1991,1.1780,1.1780,1.1826,1.1695
04/24/1991,1.1765,1.1765,1.1907,1.1758
04/23/1991,1.1840,1.1840,1.1855,1.1690
04/22/1991,1.1700,1.1700,1.1875,1.1692
04/19/1991,1.1906,1.1906,1.2147,1.1892
04/18/1991,1.2225,1.2225,1.2365,1.2225
04/17/1991,1.2360,1.2360,1.2412,1.2335
04/16/1991,1.2375,1.2375,1.2430,1.2331
04/15/1991,1.2345,1.2345,1.2385,1.2285
04/12/1991,1.2275,1.2275,1.2387,1.2275
04/11/1991,1.2367,1.2367,1.2385,1.2235
04/10/1991,1.2272,1.2272,1.2430,1.2272
04/09/1991,1.2345,1.2345,1.2372,1.2162
04/08/1991,1.2212,1.2212,1.2241,1.2149
04/05/1991,1.2297,1.2297,1.2452,1.2290
04/04/1991,1.2325,1.2325,1.2355,1.2209
04/03/1991,1.2305,1.2305,1.2375,1.2223
04/02/1991,1.2252,1.2252,1.2398,1.2107
04/01/1991,1.2119,1.2119,1.2119,1.2119
03/29/1991,1.2119,1.2119,1.2137,1.2087
03/28/1991,1.2050,1.2050,1.2061,1.1977
03/27/1991,1.2095,1.2095,1.2277,1.2010
03/26/1991,1.2195,1.2195,1.2226,1.2120
03/25/1991,1.2323,1.2323,1.2458,1.2290
03/22/1991,1.2517,1.2517,1.2630,1.2450
03/21/1991,1.2548,1.2548,1.2659,1.2455
03/20/1991,1.2455,1.2455,1.2508,1.2345
03/19/1991,1.2405,1.2405,1.2707,1.2320
03/18/1991,1.2645,1.2645,1.2833,1.2645
03/15/1991,1.2840,1.2840,1.2988,1.2840
03/14/1991,1.3013,1.3013,1.3096,1.3008
03/13/1991,1.3018,1.3018,1.3108,1.2997
03/12/1991,1.3065,1.3065,1.3138,1.3022
03/11/1991,1.3022,1.3022,1.3104,1.2957
03/08/1991,1.3148,1.3148,1.3310,1.3148
03/07/1991,1.3281,1.3281,1.3373,1.3281
03/06/1991,1.3352,1.3352,1.3377,1.3256
03/05/1991,1.3375,1.3375,1.3467,1.3355
03/04/1991,1.3388,1.3388,1.3395,1.3306
03/01/1991,1.3365,1.3365,1.3471,1.3357
02/28/1991,1.3457,1.3457,1.3588,1.3457
02/27/1991,1.3515,1.3515,1.3548,1.3477
02/26/1991,1.3493,1.3493,1.3662,1.3466
02/25/1991,1.3530,1.3530,1.3675,1.3524
02/22/1991,1.3692,1.3692,1.3870,1.3692
02/21/1991,1.3822,1.3822,1.3848,1.3751
02/20/1991,1.3765,1.3765,1.3844,1.3742
02/19/1991,1.3819,1.3819,1.3916,1.3799
02/18/1991,1.3871,1.3871,1.3947,1.3865
02/15/1991,1.3915,1.3915,1.4030,1.3895
02/14/1991,1.3991,1.3991,1.4120,1.3986
02/13/1991,1.4095,1.4095,1.4133,1.4065
02/12/1991,1.4125,1.4125,1.4193,1.4105
02/11/1991,1.4186,1.4186,1.4217,1.4084
02/08/1991,1.4085,1.4085,1.4122,1.4042
02/07/1991,1.4185,1.4185,1.4193,1.4097
02/06/1991,1.4159,1.4159,1.4172,1.4092
02/05/1991,1.4075,1.4075,1.4075,1.4024
02/04/1991,1.4015,1.4015,1.4093,1.3972
02/01/1991,1.4003,1.4003,1.4027,1.3882
01/31/1991,1.3932,1.3932,1.3932,1.3825
01/30/1991,1.3840,1.3840,1.3841,1.3745
01/29/1991,1.3874,1.3874,1.3925,1.3842
01/28/1991,1.3840,1.3840,1.3865,1.3815
01/25/1991,1.3830,1.3830,1.3881,1.3807
01/24/1991,1.3861,1.3861,1.3921,1.3847
01/23/1991,1.3842,1.3842,1.3842,1.3717
01/22/1991,1.3786,1.3786,1.3872,1.3761
01/21/1991,1.3812,1.3812,1.3834,1.3643
01/18/1991,1.3738,1.3738,1.3746,1.3568
01/17/1991,1.3624,1.3624,1.3632,1.3327
01/16/1991,1.3363,1.3363,1.3396,1.3323
01/15/1991,1.3373,1.3373,1.3422,1.3373
01/14/1991,1.3423,1.3423,1.3448,1.3320
01/11/1991,1.3462,1.3462,1.3532,1.3427
01/10/1991,1.3531,1.3531,1.3584,1.3464
01/09/1991,1.3635,1.3635,1.3640,1.3344
01/08/1991,1.3432,1.3432,1.3453,1.3373
01/07/1991,1.3465,1.3465,1.3627,1.3370
01/04/1991,1.3675,1.3675,1.3825,1.3675
01/03/1991,1.3777,1.3777,1.3807,1.3742
01/02/1991,1.3773,1.3773,1.3822,1.3678
12/31/1990,1.3670,1.3670,1.3705,1.3584
12/28/1990,1.3574,1.3574,1.3595,1.3455
12/27/1990,1.3405,1.3405,1.3445,1.3340
12/26/1990,1.3339,1.3339,1.3339,1.3339
12/25/1990,1.3339,1.3339,1.3339,1.3339
12/24/1990,1.3339,1.3339,1.3585,1.3339
12/21/1990,1.3405,1.3405,1.3615,1.3395
12/20/1990,1.3638,1.3638,1.3856,1.3638
12/19/1990,1.3832,1.3832,1.3882,1.3773
12/18/1990,1.3784,1.3784,1.3815,1.3758
12/17/1990,1.3775,1.3775,1.3922,1.3762
12/14/1990,1.3840,1.3840,1.3912,1.3805
12/13/1990,1.3869,1.3869,1.3923,1.3852
12/12/1990,1.3868,1.3868,1.3929,1.3862
12/11/1990,1.3881,1.3881,1.3961,1.3870
12/10/1990,1.3944,1.3944,1.4026,1.3932
12/07/1990,1.3893,1.3893,1.3902,1.3786
12/06/1990,1.3792,1.3792,1.3811,1.3691
12/05/1990,1.3698,1.3698,1.3776,1.3697
12/04/1990,1.3698,1.3698,1.3741,1.3591
12/03/1990,1.3615,1.3615,1.3795,1.3610
11/30/1990,1.3710,1.3710,1.3735,1.3657
11/29/1990,1.3876,1.3876,1.3901,1.3813
11/28/1990,1.3901,1.3901,1.3982,1.3879
11/27/1990,1.3942,1.3942,1.3958,1.3853
11/26/1990,1.3832,1.3832,1.3914,1.3824
11/23/1990,1.3888,1.3888,1.3955,1.3884
11/22/1990,1.3956,1.3956,1.3982,1.3925
11/21/1990,1.3929,1.3929,1.3998,1.3927
11/20/1990,1.3967,1.3967,1.3983,1.3945
11/19/1990,1.3985,1.3985,1.4026,1.3972
11/16/1990,1.3985,1.3985,1.4009,1.3878
11/15/1990,1.3927,1.3927,1.3965,1.3898
11/14/1990,1.3918,1.3918,1.3962,1.3902
11/13/1990,1.3921,1.3921,1.3982,1.3902
11/12/1990,1.3915,1.3915,1.3952,1.3905
11/09/1990,1.3870,1.3870,1.3883,1.3810
11/08/1990,1.3882,1.3882,1.3927,1.3818
11/07/1990,1.3925,1.3925,1.3979,1.3842
11/06/1990,1.3914,1.3914,1.3937,1.3840
11/05/1990,1.3897,1.3897,1.3897,1.3811
11/02/1990,1.3765,1.3765,1.3797,1.3727
11/01/1990,1.3740,1.3740,1.3740,1.3568
10/31/1990,1.3680,1.3680,1.3690,1.3629
10/30/1990,1.3648,1.3648,1.3677,1.3568
10/29/1990,1.3662,1.3662,1.3758,1.3662
10/26/1990,1.3668,1.3668,1.3685,1.3617
10/25/1990,1.3690,1.3690,1.3757,1.3690
10/24/1990,1.3733,1.3733,1.3733,1.3613
10/23/1990,1.3645,1.3645,1.3685,1.3590
10/22/1990,1.3639,1.3639,1.3760,1.3639
10/19/1990,1.3760,1.3760,1.3854,1.3700
10/18/1990,1.3685,1.3685,1.3753,1.3655
10/17/1990,1.3674,1.3674,1.3735,1.3664
10/16/1990,1.3685,1.3685,1.3685,1.3537
10/15/1990,1.3610,1.3610,1.3651,1.3554
10/12/1990,1.3630,1.3630,1.3684,1.3610
10/11/1990,1.3618,1.3618,1.3618,1.3497
10/10/1990,1.3565,1.3565,1.3633,1.3540
10/09/1990,1.3600,1.3600,1.3635,1.3560
10/08/1990,1.3497,1.3497,1.3532,1.3394
10/05/1990,1.3357,1.3357,1.3487,1.3357
10/04/1990,1.3440,1.3440,1.3472,1.3374
10/03/1990,1.3390,1.3390,1.3399,1.3311
10/02/1990,1.3302,1.3302,1.3312,1.3205
10/01/1990,1.3285,1.3285,1.3336,1.3165
09/28/1990,1.3155,1.3155,1.3206,1.3137
09/27/1990,1.3125,1.3125,1.3203,1.3120
09/26/1990,1.3169,1.3169,1.3303,1.3132
09/25/1990,1.3265,1.3265,1.3337,1.3235
09/24/1990,1.3304,1.3304,1.3304,1.3123
09/21/1990,1.3137,1.3137,1.3188,1.3117
09/20/1990,1.3131,1.3131,1.3354,1.3108
09/19/1990,1.3215,1.3215,1.3375,1.3193
09/18/1990,1.3365,1.3365,1.3415,1.3302
09/17/1990,1.3342,1.3342,1.3346,1.3190
09/14/1990,1.3186,1.3186,1.3272,1.3022
09/13/1990,1.3015,1.3015,1.3129,1.2984
09/12/1990,1.3054,1.3054,1.3115,1.3002
09/11/1990,1.3035,1.3035,1.3250,1.2961
09/10/1990,1.3088,1.3088,1.3253,1.3088
09/07/1990,1.3210,1.3210,1.3335,1.3210
09/06/1990,1.3291,1.3291,1.3342,1.3272
09/05/1990,1.3235,1.3235,1.3252,1.3123
09/04/1990,1.3087,1.3087,1.3156,1.3057
09/03/1990,1.3083,1.3083,1.3295,1.3053
08/31/1990,1.3160,1.3160,1.3320,1.3141
08/30/1990,1.3268,1.3268,1.3342,1.3228
08/29/1990,1.3367,1.3367,1.3402,1.3345
08/28/1990,1.3380,1.3380,1.3440,1.3360
08/27/1990,1.3403,1.3403,1.3462,1.3357
08/24/1990,1.3388,1.3388,1.3410,1.3320
08/23/1990,1.3335,1.3335,1.3456,1.3275
08/22/1990,1.3279,1.3279,1.3363,1.3237
08/21/1990,1.3224,1.3224,1.3348,1.3192
08/20/1990,1.3310,1.3310,1.3352,1.3278
08/17/1990,1.3370,1.3370,1.3390,1.3320
08/16/1990,1.3265,1.3265,1.3297,1.3230
08/15/1990,1.3305,1.3305,1.3371,1.3252
08/14/1990,1.3245,1.3245,1.3245,1.3136
08/13/1990,1.3182,1.3182,1.3203,1.3129
08/10/1990,1.3050,1.3050,1.3080,1.2987
08/09/1990,1.3045,1.3045,1.3113,1.3032
08/08/1990,1.3048,1.3048,1.3118,1.2977
08/07/1990,1.3121,1.3121,1.3196,1.3100
08/06/1990,1.3157,1.3157,1.3200,1.3012
08/03/1990,1.2995,1.2995,1.3054,1.2968
08/02/1990,1.3009,1.3009,1.3085,1.2792
08/01/1990,1.3005,1.3005,1.3056,1.2992
07/31/1990,1.3047,1.3047,1.3047,1.2877
07/30/1990,1.2877,1.2877,1.2908,1.2845
07/27/1990,1.2835,1.2835,1.2841,1.2731
07/26/1990,1.2765,1.2765,1.2805,1.2715
07/25/1990,1.2775,1.2775,1.2807,1.2728
07/24/1990,1.2771,1.2771,1.2771,1.2722
07/23/1990,1.2740,1.2740,1.2740,1.2640
07/20/1990,1.2624,1.2624,1.2666,1.2603
07/19/1990,1.2630,1.2630,1.2636,1.2564
07/18/1990,1.2615,1.2615,1.2665,1.2595
07/17/1990,1.2580,1.2580,1.2580,1.2493
07/16/1990,1.2534,1.2534,1.2609,1.2473
07/13/1990,1.2603,1.2603,1.2643,1.2563
07/12/1990,1.2475,1.2475,1.2510,1.2454
07/11/1990,1.2540,1.2540,1.2637,1.2531
07/10/1990,1.2605,1.2605,1.2651,1.2540
07/09/1990,1.2565,1.2565,1.2590,1.2515
07/06/1990,1.2511,1.2511,1.2535,1.2483
07/05/1990,1.2535,1.2535,1.2569,1.2505
07/04/1990,1.2561,1.2561,1.2574,1.2536
07/03/1990,1.2506,1.2506,1.2508,1.2449
07/02/1990,1.2465,1.2465,1.2493,1.2396
06/29/1990,1.2365,1.2365,1.2410,1.2332
06/28/1990,1.2374,1.2374,1.2433,1.2361
06/27/1990,1.2395,1.2395,1.2437,1.2386
06/26/1990,1.2350,1.2350,1.2364,1.2278
06/25/1990,1.2302,1.2302,1.2335,1.2290
06/22/1990,1.2320,1.2320,1.2320,1.2280
06/21/1990,1.2307,1.2307,1.2314,1.2267
06/20/1990,1.2306,1.2306,1.2344,1.2252
06/19/1990,1.2344,1.2344,1.2355,1.2275
06/18/1990,1.2305,1.2305,1.2325,1.2180
06/15/1990,1.2184,1.2184,1.2211,1.2110
06/14/1990,1.2248,1.2248,1.2254,1.2174
06/13/1990,1.2167,1.2167,1.2206,1.2158
06/12/1990,1.2195,1.2195,1.2212,1.2170
06/11/1990,1.2138,1.2138,1.2184,1.2113
06/08/1990,1.2113,1.2113,1.2167,1.2094
06/07/1990,1.2136,1.2136,1.2199,1.2128
06/06/1990,1.2170,1.2170,1.2225,1.2153
06/05/1990,1.2188,1.2188,1.2224,1.2097
06/04/1990,1.2167,1.2167,1.2190,1.2061
06/01/1990,1.2096,1.2096,1.2226,1.2081
05/31/1990,1.2117,1.2117,1.2233,1.2087
05/30/1990,1.2201,1.2201,1.2315,1.2193
05/29/1990,1.2270,1.2270,1.2315,1.2244
05/28/1990,1.2241,1.2241,1.2262,1.2237
05/25/1990,1.2211,1.2211,1.2269,1.2189
05/24/1990,1.2192,1.2192,1.2330,1.2179
05/23/1990,1.2253,1.2253,1.2359,1.2224
05/22/1990,1.2283,1.2283,1.2342,1.2268
05/21/1990,1.2329,1.2329,1.2436,1.2318
05/18/1990,1.2416,1.2416,1.2454,1.2393
05/17/1990,1.2416,1.2416,1.2521,1.2388
05/16/1990,1.2417,1.2417,1.2470,1.2369
05/15/1990,1.2418,1.2418,1.2470,1.2395
05/14/1990,1.2448,1.2448,1.2471,1.2411
05/11/1990,1.2458,1.2458,1.2540,1.2437
05/10/1990,1.2526,1.2526,1.2532,1.2431
05/09/1990,1.2495,1.2495,1.2530,1.2362
05/08/1990,1.2354,1.2354,1.2392,1.2336
05/07/1990,1.2365,1.2365,1.2397,1.2299
05/04/1990,1.2296,1.2296,1.2310,1.2182
05/03/1990,1.2170,1.2170,1.2201,1.2139
05/02/1990,1.2155,1.2155,1.2182,1.2134
05/01/1990,1.2184,1.2184,1.2197,1.2136
04/30/1990,1.2188,1.2188,1.2212,1.2150
04/27/1990,1.2186,1.2186,1.2225,1.2132
04/26/1990,1.2176,1.2176,1.2210,1.2154
04/25/1990,1.2190,1.2190,1.2207,1.2074
04/24/1990,1.2056,1.2056,1.2096,1.2026
04/23/1990,1.2047,1.2047,1.2097,1.2041
04/20/1990,1.2119,1.2119,1.2188,1.2098
04/19/1990,1.2167,1.2167,1.2235,1.2145
04/18/1990,1.2210,1.2210,1.2234,1.2158
04/17/1990,1.2175,1.2175,1.2191,1.2142
04/16/1990,1.2171,1.2171,1.2199,1.2141
04/13/1990,1.2210,1.2210,1.2224,1.2202
04/12/1990,1.2218,1.2218,1.2243,1.2184
04/11/1990,1.2222,1.2222,1.2239,1.2104
04/10/1990,1.2210,1.2210,1.2217,1.2079
04/09/1990,1.2086,1.2086,1.2113,1.2068
04/06/1990,1.2068,1.2068,1.2096,1.2038
04/05/1990,1.2037,1.2037,1.2060,1.2033
04/04/1990,1.2037,1.2037,1.2062,1.2035
04/03/1990,1.2050,1.2050,1.2054,1.2009
04/02/1990,1.2018,1.2018,1.2041,1.1980
03/30/1990,1.2065,1.2065,1.2130,1.2024
03/29/1990,1.2073,1.2073,1.2073,1.1978
03/28/1990,1.1959,1.1959,1.2001,1.1923
03/27/1990,1.1940,1.1940,1.1980,1.1908
03/26/1990,1.1964,1.1964,1.2002,1.1874
03/23/1990,1.1915,1.1915,1.1978,1.1904
03/22/1990,1.1968,1.1968,1.1992,1.1907
03/21/1990,1.1902,1.1902,1.1963,1.1898
03/20/1990,1.1942,1.1942,1.2096,1.1926
