,Date,EUR/USD,year,month,day
0,1997-04-18,1.141,1997,4,18
1,1997-04-17,1.1337,1997,4,17
2,1997-04-16,1.13,1997,4,16
3,1997-04-15,1.1313,1997,4,15
4,1997-04-14,1.131,1997,4,14
5,1997-04-11,1.1346,1997,4,11
6,1997-04-10,1.1362,1997,4,10
7,1997-04-09,1.1327,1997,4,9
8,1997-04-08,1.14,1997,4,8
9,1997-04-07,1.1423,1997,4,7
10,1997-04-04,1.1558,1997,4,4
11,1997-04-03,1.1655,1997,4,3
12,1997-04-02,1.1617,1997,4,2
13,1997-04-01,1.1672,1997,4,1
14,1997-03-31,1.1661,1997,3,31
15,1997-03-28,1.1578,1997,3,28
16,1997-03-27,1.162,1997,3,27
17,1997-03-26,1.1514,1997,3,26
18,1997-03-25,1.1498,1997,3,25
19,1997-03-24,1.1508,1997,3,24
20,1997-03-21,1.1511,1997,3,21
21,1997-03-20,1.1448,1997,3,20
22,1997-03-19,1.1521,1997,3,19
23,1997-03-18,1.155,1997,3,18
24,1997-03-17,1.145,1997,3,17
25,1997-03-14,1.1454,1997,3,14
26,1997-03-13,1.1398,1997,3,13
27,1997-03-12,1.1432,1997,3,12
28,1997-03-11,1.1411,1997,3,11
29,1997-03-10,1.1423,1997,3,10
30,1997-03-07,1.1344,1997,3,7
31,1997-03-06,1.1343,1997,3,6
32,1997-03-05,1.1356,1997,3,5
33,1997-03-04,1.1352,1997,3,4
34,1997-03-03,1.1436,1997,3,3
35,1997-02-28,1.1468,1997,2,28
36,1997-02-27,1.1496,1997,2,27
37,1997-02-26,1.1501,1997,2,26
38,1997-02-25,1.161,1997,2,25
39,1997-02-24,1.1599,1997,2,24
40,1997-02-21,1.1488,1997,2,21
41,1997-02-20,1.1513,1997,2,20
42,1997-02-19,1.1422,1997,2,19
43,1997-02-18,1.1502,1997,2,18
44,1997-02-17,1.145,1997,2,17
45,1997-02-14,1.1508,1997,2,14
46,1997-02-13,1.1544,1997,2,13
47,1997-02-12,1.155,1997,2,12
48,1997-02-11,1.1609,1997,2,11
49,1997-02-10,1.1721,1997,2,10
50,1997-02-07,1.171,1997,2,7
51,1997-02-06,1.1746,1997,2,6
52,1997-02-05,1.1798,1997,2,5
53,1997-02-04,1.1761,1997,2,4
54,1997-02-03,1.1784,1997,2,3
55,1997-01-31,1.1796,1997,1,31
56,1997-01-30,1.1826,1997,1,30
57,1997-01-29,1.1786,1997,1,29
58,1997-01-28,1.1772,1997,1,28
59,1997-01-27,1.1825,1997,1,27
60,1997-01-24,1.1887,1997,1,24
61,1997-01-23,1.1838,1997,1,23
62,1997-01-22,1.1865,1997,1,22
63,1997-01-21,1.1952,1997,1,21
64,1997-01-20,1.1984,1997,1,20
65,1997-01-17,1.2045,1997,1,17
66,1997-01-16,1.2202,1997,1,16
67,1997-01-15,1.2241,1997,1,15
68,1997-01-14,1.2202,1997,1,14
69,1997-01-13,1.2239,1997,1,13
70,1997-01-10,1.225,1997,1,10
71,1997-01-09,1.2331,1997,1,9
72,1997-01-08,1.233,1997,1,8
73,1997-01-07,1.2403,1997,1,7
74,1997-01-06,1.2406,1997,1,6
75,1997-01-03,1.2359,1997,1,3
76,1997-01-02,1.2528,1997,1,2
77,1996-12-31,1.2538,1996,12,31
78,1996-12-30,1.2417,1996,12,30
79,1996-12-27,1.2415,1996,12,27
80,1996-12-26,1.2402,1996,12,26
81,1996-12-25,1.2388,1996,12,25
82,1996-12-24,1.239,1996,12,24
83,1996-12-23,1.2394,1996,12,23
84,1996-12-20,1.2407,1996,12,20
85,1996-12-19,1.2348,1996,12,19
86,1996-12-18,1.2405,1996,12,18
87,1996-12-17,1.2418,1996,12,17
88,1996-12-16,1.2472,1996,12,16
89,1996-12-13,1.2428,1996,12,13
90,1996-12-12,1.2502,1996,12,12
91,1996-12-11,1.2519,1996,12,11
92,1996-12-10,1.2406,1996,12,10
93,1996-12-09,1.2401,1996,12,9
94,1996-12-06,1.2474,1996,12,6
95,1996-12-05,1.2431,1996,12,5
96,1996-12-04,1.2391,1996,12,4
97,1996-12-03,1.2414,1996,12,3
98,1996-12-02,1.25,1996,12,2
99,1996-11-29,1.254,1996,11,29
100,1996-11-28,1.2589,1996,11,28
101,1996-11-27,1.2624,1996,11,27
102,1996-11-26,1.2637,1996,11,26
103,1996-11-25,1.2656,1996,11,25
104,1996-11-22,1.2753,1996,11,22
105,1996-11-21,1.2829,1996,11,21
106,1996-11-20,1.2843,1996,11,20
107,1996-11-19,1.2763,1996,11,19
108,1996-11-18,1.2787,1996,11,18
109,1996-11-15,1.2726,1996,11,15
110,1996-11-14,1.2703,1996,11,14
111,1996-11-13,1.2725,1996,11,13
112,1996-11-12,1.2696,1996,11,12
113,1996-11-11,1.2781,1996,11,11
114,1996-11-08,1.2714,1996,11,8
115,1996-11-07,1.2663,1996,11,7
116,1996-11-06,1.2627,1996,11,6
117,1996-11-05,1.2625,1996,11,5
118,1996-11-04,1.269,1996,11,4
119,1996-11-01,1.2662,1996,11,1
120,1996-10-31,1.2642,1996,10,31
121,1996-10-30,1.2693,1996,10,30
122,1996-10-29,1.2673,1996,10,29
123,1996-10-28,1.261,1996,10,28
124,1996-10-25,1.2604,1996,10,25
125,1996-10-24,1.2624,1996,10,24
126,1996-10-23,1.2587,1996,10,23
127,1996-10-22,1.254,1996,10,22
128,1996-10-21,1.2515,1996,10,21
129,1996-10-18,1.2477,1996,10,18
130,1996-10-17,1.2439,1996,10,17
131,1996-10-16,1.2473,1996,10,16
132,1996-10-15,1.2465,1996,10,15
133,1996-10-14,1.2529,1996,10,14
134,1996-10-11,1.2519,1996,10,11
135,1996-10-10,1.2517,1996,10,10
136,1996-10-09,1.252,1996,10,9
137,1996-10-08,1.251,1996,10,8
138,1996-10-07,1.2497,1996,10,7
139,1996-10-04,1.2469,1996,10,4
140,1996-10-03,1.2475,1996,10,3
141,1996-10-02,1.2457,1996,10,2
142,1996-10-01,1.248,1996,10,1
143,1996-09-30,1.2504,1996,9,30
144,1996-09-27,1.2502,1996,9,27
145,1996-09-26,1.2536,1996,9,26
146,1996-09-25,1.26,1996,9,25
147,1996-09-24,1.2663,1996,9,24
148,1996-09-23,1.2578,1996,9,23
149,1996-09-20,1.254,1996,9,20
150,1996-09-19,1.2523,1996,9,19
151,1996-09-18,1.255,1996,9,18
152,1996-09-17,1.252,1996,9,17
153,1996-09-16,1.2542,1996,9,16
154,1996-09-13,1.2502,1996,9,13
155,1996-09-12,1.2514,1996,9,12
156,1996-09-11,1.2526,1996,9,11
157,1996-09-10,1.2526,1996,9,10
158,1996-09-09,1.2618,1996,9,9
159,1996-09-06,1.2654,1996,9,6
160,1996-09-05,1.2694,1996,9,5
161,1996-09-04,1.2737,1996,9,4
162,1996-09-03,1.27,1996,9,3
163,1996-09-02,1.2681,1996,9,2
164,1996-08-30,1.273,1996,8,30
165,1996-08-29,1.2736,1996,8,29
166,1996-08-28,1.2738,1996,8,28
167,1996-08-27,1.2728,1996,8,27
168,1996-08-26,1.2716,1996,8,26
169,1996-08-23,1.2714,1996,8,23
170,1996-08-22,1.2623,1996,8,22
171,1996-08-21,1.2689,1996,8,21
172,1996-08-20,1.2649,1996,8,20
173,1996-08-19,1.2659,1996,8,19
174,1996-08-16,1.263,1996,8,16
175,1996-08-15,1.2684,1996,8,15
176,1996-08-14,1.2636,1996,8,14
177,1996-08-13,1.27,1996,8,13
178,1996-08-12,1.2696,1996,8,12
179,1996-08-09,1.27,1996,8,9
180,1996-08-08,1.2659,1996,8,8
181,1996-08-07,1.264,1996,8,7
182,1996-08-06,1.2661,1996,8,6
183,1996-08-05,1.2697,1996,8,5
184,1996-08-02,1.272,1996,8,2
185,1996-08-01,1.2742,1996,8,1
186,1996-07-31,1.2767,1996,7,31
187,1996-07-30,1.272,1996,7,30
188,1996-07-29,1.2704,1996,7,29
189,1996-07-26,1.2676,1996,7,26
190,1996-07-25,1.2722,1996,7,25
191,1996-07-24,1.2633,1996,7,24
192,1996-07-23,1.2656,1996,7,23
193,1996-07-22,1.2708,1996,7,22
194,1996-07-19,1.2677,1996,7,19
195,1996-07-18,1.2649,1996,7,18
196,1996-07-17,1.2676,1996,7,17
197,1996-07-16,1.271,1996,7,16
198,1996-07-15,1.2462,1996,7,15
199,1996-07-12,1.2435,1996,7,12
200,1996-07-11,1.2452,1996,7,11
201,1996-07-10,1.2412,1996,7,10
202,1996-07-09,1.2411,1996,7,9
203,1996-07-08,1.2412,1996,7,8
204,1996-07-05,1.2428,1996,7,5
205,1996-07-04,1.2441,1996,7,4
206,1996-07-03,1.2471,1996,7,3
207,1996-07-02,1.242,1996,7,2
208,1996-07-01,1.2437,1996,7,1
209,1996-06-28,1.2432,1996,6,28
210,1996-06-27,1.2468,1996,6,27
211,1996-06-26,1.2405,1996,6,26
212,1996-06-25,1.2391,1996,6,25
213,1996-06-24,1.2385,1996,6,24
214,1996-06-21,1.2363,1996,6,21
215,1996-06-20,1.2419,1996,6,20
216,1996-06-19,1.2445,1996,6,19
217,1996-06-18,1.2487,1996,6,18
218,1996-06-17,1.2425,1996,6,17
219,1996-06-14,1.2368,1996,6,14
220,1996-06-13,1.237,1996,6,13
221,1996-06-12,1.235,1996,6,12
222,1996-06-11,1.2317,1996,6,11
223,1996-06-10,1.2313,1996,6,10
224,1996-06-07,1.2308,1996,6,7
225,1996-06-06,1.2368,1996,6,6
226,1996-06-05,1.2358,1996,6,5
227,1996-06-04,1.2355,1996,6,4
228,1996-06-03,1.2405,1996,6,3
229,1996-05-31,1.2392,1996,5,31
230,1996-05-30,1.2292,1996,5,30
231,1996-05-29,1.2313,1996,5,29
232,1996-05-28,1.2231,1996,5,28
233,1996-05-27,1.226,1996,5,27
234,1996-05-24,1.2248,1996,5,24
235,1996-05-23,1.2252,1996,5,23
236,1996-05-22,1.2218,1996,5,22
237,1996-05-21,1.223,1996,5,21
238,1996-05-20,1.227,1996,5,20
239,1996-05-17,1.2282,1996,5,17
240,1996-05-16,1.2282,1996,5,16
241,1996-05-15,1.2256,1996,5,15
242,1996-05-14,1.2266,1996,5,14
243,1996-05-13,1.227,1996,5,13
244,1996-05-10,1.2281,1996,5,10
245,1996-05-09,1.2335,1996,5,9
246,1996-05-08,1.2365,1996,5,8
247,1996-05-07,1.2304,1996,5,7
248,1996-05-06,1.23,1996,5,6
249,1996-05-03,1.2317,1996,5,3
250,1996-05-02,1.2278,1996,5,2
251,1996-05-01,1.2223,1996,5,1
252,1996-04-30,1.2269,1996,4,30
253,1996-04-29,1.2316,1996,4,29
254,1996-04-26,1.2307,1996,4,26
255,1996-04-25,1.226,1996,4,25
256,1996-04-24,1.2375,1996,4,24
257,1996-04-23,1.2359,1996,4,23
258,1996-04-22,1.2374,1996,4,22
259,1996-04-19,1.2382,1996,4,19
260,1996-04-18,1.2446,1996,4,18
261,1996-04-17,1.242,1996,4,17
262,1996-04-16,1.2385,1996,4,16
263,1996-04-15,1.2383,1996,4,15
264,1996-04-12,1.2439,1996,4,12
265,1996-04-11,1.2438,1996,4,11
266,1996-04-10,1.2471,1996,4,10
267,1996-04-09,1.247,1996,4,9
268,1996-04-08,1.2551,1996,4,8
269,1996-04-05,1.2532,1996,4,5
270,1996-04-04,1.2576,1996,4,4
271,1996-04-03,1.2547,1996,4,3
272,1996-04-02,1.2571,1996,4,2
273,1996-04-01,1.251,1996,4,1
274,1996-03-29,1.2557,1996,3,29
275,1996-03-28,1.2597,1996,3,28
276,1996-03-27,1.2509,1996,3,27
277,1996-03-26,1.2555,1996,3,26
278,1996-03-25,1.2557,1996,3,25
279,1996-03-22,1.2537,1996,3,22
280,1996-03-21,1.2526,1996,3,21
281,1996-03-20,1.2572,1996,3,20
282,1996-03-19,1.2573,1996,3,19
283,1996-03-18,1.2524,1996,3,18
284,1996-03-15,1.2578,1996,3,15
285,1996-03-14,1.2564,1996,3,14
286,1996-03-13,1.2561,1996,3,13
287,1996-03-12,1.2552,1996,3,12
288,1996-03-11,1.249,1996,3,11
289,1996-03-08,1.249,1996,3,8
290,1996-03-07,1.2568,1996,3,7
291,1996-03-06,1.2568,1996,3,6
292,1996-03-05,1.2597,1996,3,5
293,1996-03-04,1.2555,1996,3,4
294,1996-03-01,1.252,1996,3,1
295,1996-02-29,1.2551,1996,2,29
296,1996-02-28,1.2623,1996,2,28
297,1996-02-27,1.27,1996,2,27
298,1996-02-26,1.2658,1996,2,26
299,1996-02-23,1.268,1996,2,23
300,1996-02-22,1.2655,1996,2,22
301,1996-02-21,1.2668,1996,2,21
302,1996-02-20,1.2663,1996,2,20
303,1996-02-19,1.2666,1996,2,19
304,1996-02-16,1.257,1996,2,16
305,1996-02-15,1.2502,1996,2,15
306,1996-02-14,1.2517,1996,2,14
307,1996-02-13,1.2471,1996,2,13
308,1996-02-12,1.246,1996,2,12
309,1996-02-09,1.2448,1996,2,9
310,1996-02-08,1.244,1996,2,8
311,1996-02-07,1.2435,1996,2,7
312,1996-02-06,1.248,1996,2,6
313,1996-02-05,1.25,1996,2,5
314,1996-02-02,1.2383,1996,2,2
315,1996-02-01,1.2371,1996,2,1
316,1996-01-31,1.234,1996,1,31
317,1996-01-30,1.23,1996,1,30
318,1996-01-29,1.232,1996,1,29
319,1996-01-26,1.2255,1996,1,26
320,1996-01-25,1.2329,1996,1,25
321,1996-01-24,1.2389,1996,1,24
322,1996-01-23,1.2439,1996,1,23
323,1996-01-22,1.247,1996,1,22
324,1996-01-19,1.2461,1996,1,19
325,1996-01-18,1.2543,1996,1,18
326,1996-01-17,1.2582,1996,1,17
327,1996-01-16,1.2626,1996,1,16
328,1996-01-15,1.278,1996,1,15
329,1996-01-12,1.2813,1996,1,12
330,1996-01-11,1.289,1996,1,11
331,1996-01-10,1.2937,1996,1,10
332,1996-01-09,1.2914,1996,1,9
333,1996-01-08,1.2861,1996,1,8
334,1996-01-05,1.2843,1996,1,5
335,1996-01-04,1.28,1996,1,4
336,1996-01-03,1.2742,1996,1,3
337,1996-01-02,1.2797,1996,1,2
338,1995-12-29,1.2777,1995,12,29
339,1995-12-28,1.2768,1995,12,28
340,1995-12-27,1.279,1995,12,27
341,1995-12-26,1.281,1995,12,26
342,1995-12-25,1.2771,1995,12,25
343,1995-12-22,1.2776,1995,12,22
344,1995-12-21,1.2765,1995,12,21
345,1995-12-20,1.2766,1995,12,20
346,1995-12-19,1.273,1995,12,19
347,1995-12-18,1.2838,1995,12,18
348,1995-12-15,1.273,1995,12,15
349,1995-12-14,1.2735,1995,12,14
350,1995-12-13,1.2634,1995,12,13
351,1995-12-12,1.2672,1995,12,12
352,1995-12-11,1.2721,1995,12,11
353,1995-12-08,1.2731,1995,12,8
354,1995-12-07,1.274,1995,12,7
355,1995-12-06,1.278,1995,12,6
356,1995-12-05,1.2851,1995,12,5
357,1995-12-04,1.277,1995,12,4
358,1995-12-01,1.2757,1995,12,1
359,1995-11-30,1.2755,1995,11,30
360,1995-11-29,1.2859,1995,11,29
361,1995-11-28,1.2925,1995,11,28
362,1995-11-27,1.2893,1995,11,27
363,1995-11-24,1.2993,1995,11,24
364,1995-11-23,1.3001,1995,11,23
365,1995-11-22,1.3016,1995,11,22
366,1995-11-21,1.3019,1995,11,21
367,1995-11-20,1.3028,1995,11,20
368,1995-11-17,1.309,1995,11,17
369,1995-11-16,1.3004,1995,11,16
370,1995-11-15,1.3006,1995,11,15
371,1995-11-14,1.296,1995,11,14
372,1995-11-13,1.291,1995,11,13
373,1995-11-10,1.2917,1995,11,10
374,1995-11-09,1.3043,1995,11,9
375,1995-11-08,1.2927,1995,11,8
376,1995-11-07,1.2962,1995,11,7
377,1995-11-06,1.2962,1995,11,6
378,1995-11-03,1.2933,1995,11,3
379,1995-11-02,1.2904,1995,11,2
380,1995-11-01,1.2963,1995,11,1
381,1995-10-31,1.3013,1995,10,31
382,1995-10-30,1.304,1995,10,30
383,1995-10-27,1.3037,1995,10,27
384,1995-10-26,1.3098,1995,10,26
385,1995-10-25,1.3099,1995,10,25
386,1995-10-24,1.3094,1995,10,24
387,1995-10-23,1.314,1995,10,23
388,1995-10-20,1.3088,1995,10,20
389,1995-10-19,1.302,1995,10,19
390,1995-10-18,1.2909,1995,10,18
391,1995-10-17,1.2968,1995,10,17
392,1995-10-16,1.2933,1995,10,16
393,1995-10-13,1.2934,1995,10,13
394,1995-10-12,1.2983,1995,10,12
395,1995-10-11,1.2896,1995,10,11
396,1995-10-10,1.293,1995,10,10
397,1995-10-09,1.2957,1995,10,9
398,1995-10-06,1.289,1995,10,6
399,1995-10-05,1.2946,1995,10,5
400,1995-10-04,1.291,1995,10,4
401,1995-10-03,1.2884,1995,10,3
402,1995-10-02,1.2982,1995,10,2
403,1995-09-29,1.2971,1995,9,29
404,1995-09-28,1.304,1995,9,28
405,1995-09-27,1.3,1995,9,27
406,1995-09-26,1.2924,1995,9,26
407,1995-09-25,1.2932,1995,9,25
408,1995-09-22,1.3,1995,9,22
409,1995-09-21,1.2977,1995,9,21
410,1995-09-20,1.2762,1995,9,20
411,1995-09-19,1.2602,1995,9,19
412,1995-09-18,1.264,1995,9,18
413,1995-09-15,1.2613,1995,9,15
414,1995-09-14,1.2605,1995,9,14
415,1995-09-13,1.2571,1995,9,13
416,1995-09-12,1.2687,1995,9,12
417,1995-09-11,1.2693,1995,9,11
418,1995-09-08,1.2692,1995,9,8
419,1995-09-07,1.2647,1995,9,7
420,1995-09-06,1.267,1995,9,6
421,1995-09-05,1.279,1995,9,5
422,1995-09-04,1.2775,1995,9,4
423,1995-09-01,1.2765,1995,9,1
424,1995-08-31,1.2746,1995,8,31
425,1995-08-30,1.271,1995,8,30
426,1995-08-29,1.2667,1995,8,29
427,1995-08-28,1.2788,1995,8,28
428,1995-08-25,1.27,1995,8,25
429,1995-08-24,1.2715,1995,8,24
430,1995-08-23,1.2668,1995,8,23
431,1995-08-22,1.2636,1995,8,22
432,1995-08-21,1.2711,1995,8,21
433,1995-08-18,1.2738,1995,8,18
434,1995-08-17,1.2726,1995,8,17
435,1995-08-16,1.273,1995,8,16
436,1995-08-15,1.272,1995,8,15
437,1995-08-14,1.303,1995,8,14
438,1995-08-11,1.301,1995,8,11
439,1995-08-10,1.3142,1995,8,10
440,1995-08-09,1.3241,1995,8,9
441,1995-08-08,1.3223,1995,8,8
442,1995-08-07,1.3218,1995,8,7
443,1995-08-04,1.3336,1995,8,4
444,1995-08-03,1.3392,1995,8,3
445,1995-08-02,1.3322,1995,8,2
446,1995-08-01,1.35,1995,8,1
447,1995-07-31,1.3405,1995,7,31
448,1995-07-28,1.3446,1995,7,28
449,1995-07-27,1.345,1995,7,27
450,1995-07-26,1.3389,1995,7,26
451,1995-07-25,1.3299,1995,7,25
452,1995-07-24,1.337,1995,7,24
453,1995-07-21,1.3363,1995,7,21
454,1995-07-20,1.3379,1995,7,20
455,1995-07-19,1.344,1995,7,19
456,1995-07-18,1.333,1995,7,18
457,1995-07-17,1.3265,1995,7,17
458,1995-07-14,1.3305,1995,7,14
459,1995-07-13,1.3318,1995,7,13
460,1995-07-12,1.3216,1995,7,12
461,1995-07-11,1.3182,1995,7,11
462,1995-07-10,1.3275,1995,7,10
463,1995-07-07,1.3286,1995,7,7
464,1995-07-06,1.3382,1995,7,6
465,1995-07-05,1.3373,1995,7,5
466,1995-07-04,1.3325,1995,7,4
467,1995-07-03,1.3342,1995,7,3
468,1995-06-30,1.3321,1995,6,30
469,1995-06-29,1.3353,1995,6,29
470,1995-06-28,1.3188,1995,6,28
471,1995-06-27,1.3264,1995,6,27
472,1995-06-26,1.3246,1995,6,26
473,1995-06-23,1.3315,1995,6,23
474,1995-06-22,1.3206,1995,6,22
475,1995-06-21,1.3284,1995,6,21
476,1995-06-20,1.3274,1995,6,20
477,1995-06-19,1.3217,1995,6,19
478,1995-06-16,1.3196,1995,6,16
479,1995-06-15,1.315,1995,6,15
480,1995-06-14,1.32,1995,6,14
481,1995-06-13,1.3114,1995,6,13
482,1995-06-12,1.3153,1995,6,12
483,1995-06-09,1.3142,1995,6,9
484,1995-06-08,1.3128,1995,6,8
485,1995-06-07,1.3098,1995,6,7
486,1995-06-06,1.3113,1995,6,6
487,1995-06-05,1.3123,1995,6,5
488,1995-06-02,1.3022,1995,6,2
489,1995-06-01,1.3157,1995,6,1
490,1995-05-31,1.305,1995,5,31
491,1995-05-30,1.3228,1995,5,30
492,1995-05-29,1.3266,1995,5,29
493,1995-05-26,1.3365,1995,5,26
494,1995-05-25,1.3164,1995,5,25
495,1995-05-24,1.2818,1995,5,24
496,1995-05-23,1.2748,1995,5,23
497,1995-05-22,1.2818,1995,5,22
498,1995-05-19,1.2805,1995,5,19
499,1995-05-18,1.271,1995,5,18
500,1995-05-17,1.2803,1995,5,17
501,1995-05-16,1.2843,1995,5,16
502,1995-05-15,1.2904,1995,5,15
503,1995-05-12,1.2811,1995,5,12
504,1995-05-11,1.2989,1995,5,11
505,1995-05-10,1.3254,1995,5,10
506,1995-05-09,1.3299,1995,5,9
507,1995-05-08,1.3401,1995,5,8
508,1995-05-05,1.331,1995,5,5
509,1995-05-04,1.3342,1995,5,4
510,1995-05-03,1.3328,1995,5,3
511,1995-05-02,1.3279,1995,5,2
512,1995-05-01,1.3209,1995,5,1
513,1995-04-28,1.3251,1995,4,28
514,1995-04-27,1.33,1995,4,27
515,1995-04-26,1.3373,1995,4,26
516,1995-04-25,1.3374,1995,4,25
517,1995-04-24,1.3295,1995,4,24
518,1995-04-21,1.3312,1995,4,21
519,1995-04-20,1.3206,1995,4,20
520,1995-04-19,1.3294,1995,4,19
521,1995-04-18,1.345,1995,4,18
522,1995-04-17,1.343,1995,4,17
523,1995-04-14,1.3262,1995,4,14
524,1995-04-13,1.3293,1995,4,13
525,1995-04-12,1.3142,1995,4,12
526,1995-04-11,1.3144,1995,4,11
527,1995-04-10,1.3008,1995,4,10
528,1995-04-07,1.3352,1995,4,7
529,1995-04-06,1.3331,1995,4,6
530,1995-04-05,1.3278,1995,4,5
531,1995-04-04,1.3253,1995,4,4
532,1995-04-03,1.33,1995,4,3
533,1995-03-31,1.3319,1995,3,31
534,1995-03-30,1.3019,1995,3,30
535,1995-03-29,1.3192,1995,3,29
536,1995-03-28,1.3161,1995,3,28
537,1995-03-27,1.2989,1995,3,27
538,1995-03-24,1.2907,1995,3,24
539,1995-03-23,1.2985,1995,3,23
540,1995-03-22,1.297,1995,3,22
541,1995-03-21,1.292,1995,3,21
542,1995-03-20,1.2949,1995,3,20
543,1995-03-17,1.3026,1995,3,17
544,1995-03-16,1.3073,1995,3,16
545,1995-03-15,1.3127,1995,3,15
546,1995-03-14,1.2943,1995,3,14
547,1995-03-13,1.298,1995,3,13
548,1995-03-10,1.2917,1995,3,10
549,1995-03-09,1.3127,1995,3,9
550,1995-03-08,1.3133,1995,3,8
551,1995-03-07,1.3228,1995,3,7
552,1995-03-06,1.3127,1995,3,6
553,1995-03-03,1.3005,1995,3,3
554,1995-03-02,1.2902,1995,3,2
555,1995-03-01,1.2735,1995,3,1
556,1995-02-28,1.2713,1995,2,28
557,1995-02-27,1.2691,1995,2,27
558,1995-02-24,1.2739,1995,2,24
559,1995-02-23,1.2748,1995,2,23
560,1995-02-22,1.2724,1995,2,22
561,1995-02-21,1.2742,1995,2,21
562,1995-02-20,1.2745,1995,2,20
563,1995-02-17,1.2677,1995,2,17
564,1995-02-16,1.2619,1995,2,16
565,1995-02-15,1.2483,1995,2,15
566,1995-02-14,1.2497,1995,2,14
567,1995-02-13,1.24,1995,2,13
568,1995-02-10,1.2417,1995,2,10
569,1995-02-09,1.2348,1995,2,9
570,1995-02-08,1.2327,1995,2,8
571,1995-02-07,1.2297,1995,2,7
572,1995-02-06,1.2328,1995,2,6
573,1995-02-03,1.2345,1995,2,3
574,1995-02-02,1.2432,1995,2,2
575,1995-02-01,1.2435,1995,2,1
576,1995-01-31,1.2394,1995,1,31
577,1995-01-30,1.2538,1995,1,30
578,1995-01-27,1.2461,1995,1,27
579,1995-01-26,1.2455,1995,1,26
580,1995-01-25,1.247,1995,1,25
581,1995-01-24,1.251,1995,1,24
582,1995-01-23,1.2492,1995,1,23
583,1995-01-20,1.2501,1995,1,20
584,1995-01-19,1.2472,1995,1,19
585,1995-01-18,1.2339,1995,1,18
586,1995-01-17,1.2343,1995,1,17
587,1995-01-16,1.2372,1995,1,16
588,1995-01-13,1.2346,1995,1,13
589,1995-01-12,1.238,1995,1,12
590,1995-01-11,1.2327,1995,1,11
591,1995-01-10,1.2348,1995,1,10
592,1995-01-09,1.2345,1995,1,9
593,1995-01-06,1.217,1995,1,6
594,1995-01-05,1.2268,1995,1,5
595,1995-01-04,1.2211,1995,1,4
596,1995-01-03,1.2226,1995,1,3
597,1995-01-02,1.219,1995,1,2
598,1994-12-30,1.2269,1994,12,30
599,1994-12-29,1.2236,1994,12,29
600,1994-12-28,1.2113,1994,12,28
601,1994-12-27,1.2067,1994,12,27
602,1994-12-26,1.2045,1994,12,26
603,1994-12-23,1.2045,1994,12,23
604,1994-12-22,1.2087,1994,12,22
605,1994-12-21,1.2064,1994,12,21
606,1994-12-20,1.2133,1994,12,20
607,1994-12-19,1.2114,1994,12,19
608,1994-12-16,1.2122,1994,12,16
609,1994-12-15,1.2137,1994,12,15
610,1994-12-14,1.2142,1994,12,14
611,1994-12-13,1.2123,1994,12,13
612,1994-12-12,1.212,1994,12,12
613,1994-12-09,1.2109,1994,12,9
614,1994-12-08,1.211,1994,12,8
615,1994-12-07,1.2167,1994,12,7
616,1994-12-06,1.2134,1994,12,6
617,1994-12-05,1.2127,1994,12,5
618,1994-12-02,1.2082,1994,12,2
619,1994-12-01,1.2135,1994,12,1
620,1994-11-30,1.2154,1994,11,30
621,1994-11-29,1.2144,1994,11,29
622,1994-11-28,1.2163,1994,11,28
623,1994-11-25,1.2218,1994,11,25
624,1994-11-24,1.2219,1994,11,24
625,1994-11-23,1.2264,1994,11,23
626,1994-11-22,1.2249,1994,11,22
627,1994-11-21,1.2238,1994,11,21
628,1994-11-18,1.225,1994,11,18
629,1994-11-17,1.2288,1994,11,17
630,1994-11-16,1.2281,1994,11,16
631,1994-11-15,1.2305,1994,11,15
632,1994-11-14,1.2328,1994,11,14
633,1994-11-11,1.2437,1994,11,11
634,1994-11-10,1.244,1994,11,10
635,1994-11-09,1.2452,1994,11,9
636,1994-11-08,1.2594,1994,11,8
637,1994-11-07,1.2547,1994,11,7
638,1994-11-04,1.2563,1994,11,4
639,1994-11-03,1.2543,1994,11,3
640,1994-11-02,1.2572,1994,11,2
641,1994-11-01,1.273,1994,11,1
642,1994-10-31,1.2679,1994,10,31
643,1994-10-28,1.2612,1994,10,28
644,1994-10-27,1.2735,1994,10,27
645,1994-10-26,1.2777,1994,10,26
646,1994-10-25,1.2717,1994,10,25
647,1994-10-24,1.274,1994,10,24
648,1994-10-21,1.2687,1994,10,21
649,1994-10-20,1.275,1994,10,20
650,1994-10-19,1.2688,1994,10,19
651,1994-10-18,1.2687,1994,10,18
652,1994-10-17,1.2692,1994,10,17
653,1994-10-14,1.2534,1994,10,14
654,1994-10-13,1.2477,1994,10,13
655,1994-10-12,1.239,1994,10,12
656,1994-10-11,1.2356,1994,10,11
657,1994-10-10,1.2425,1994,10,10
658,1994-10-07,1.2358,1994,10,7
659,1994-10-06,1.238,1994,10,6
660,1994-10-05,1.2372,1994,10,5
661,1994-10-04,1.2366,1994,10,4
662,1994-10-03,1.2313,1994,10,3
663,1994-09-30,1.2324,1994,9,30
664,1994-09-29,1.2344,1994,9,29
665,1994-09-28,1.2309,1994,9,28
666,1994-09-27,1.2386,1994,9,27
667,1994-09-26,1.2292,1994,9,26
668,1994-09-23,1.2331,1994,9,23
669,1994-09-22,1.2336,1994,9,22
670,1994-09-21,1.2336,1994,9,21
671,1994-09-20,1.231,1994,9,20
672,1994-09-19,1.2315,1994,9,19
673,1994-09-16,1.2395,1994,9,16
674,1994-09-15,1.2302,1994,9,15
675,1994-09-14,1.2364,1994,9,14
676,1994-09-13,1.2332,1994,9,13
677,1994-09-12,1.2348,1994,9,12
678,1994-09-09,1.2383,1994,9,9
679,1994-09-08,1.2243,1994,9,8
680,1994-09-07,1.2276,1994,9,7
681,1994-09-06,1.233,1994,9,6
682,1994-09-05,1.2278,1994,9,5
683,1994-09-02,1.227,1994,9,2
684,1994-09-01,1.213,1994,9,1
685,1994-08-31,1.2069,1994,8,31
686,1994-08-30,1.2099,1994,8,30
687,1994-08-29,1.2097,1994,8,29
688,1994-08-26,1.2096,1994,8,26
689,1994-08-25,1.2345,1994,8,25
690,1994-08-24,1.232,1994,8,24
691,1994-08-23,1.2409,1994,8,23
692,1994-08-22,1.2437,1994,8,22
693,1994-08-19,1.234,1994,8,19
694,1994-08-18,1.2295,1994,8,18
695,1994-08-17,1.2248,1994,8,17
696,1994-08-16,1.2208,1994,8,16
697,1994-08-15,1.224,1994,8,15
698,1994-08-12,1.2227,1994,8,12
699,1994-08-11,1.2216,1994,8,11
700,1994-08-10,1.2058,1994,8,10
701,1994-08-09,1.2083,1994,8,9
702,1994-08-08,1.2079,1994,8,8
703,1994-08-05,1.2093,1994,8,5
704,1994-08-04,1.2032,1994,8,4
705,1994-08-03,1.204,1994,8,3
706,1994-08-02,1.2092,1994,8,2
707,1994-08-01,1.2102,1994,8,1
708,1994-07-29,1.2086,1994,7,29
709,1994-07-28,1.2,1994,7,28
710,1994-07-27,1.2135,1994,7,27
711,1994-07-26,1.2075,1994,7,26
712,1994-07-25,1.2039,1994,7,25
713,1994-07-22,1.199,1994,7,22
714,1994-07-21,1.2022,1994,7,21
715,1994-07-20,1.221,1994,7,20
716,1994-07-19,1.217,1994,7,19
717,1994-07-18,1.2322,1994,7,18
718,1994-07-15,1.2286,1994,7,15
719,1994-07-14,1.23,1994,7,14
720,1994-07-13,1.2403,1994,7,13
721,1994-07-12,1.2485,1994,7,12
722,1994-07-11,1.2491,1994,7,11
723,1994-07-08,1.2106,1994,7,8
724,1994-07-07,1.2148,1994,7,7
725,1994-07-06,1.2197,1994,7,6
726,1994-07-05,1.2109,1994,7,5
727,1994-07-04,1.1974,1994,7,4
728,1994-07-01,1.1982,1994,7,1
729,1994-06-30,1.2052,1994,6,30
730,1994-06-29,1.206,1994,6,29
731,1994-06-28,1.2135,1994,6,28
732,1994-06-27,1.2094,1994,6,27
733,1994-06-24,1.2098,1994,6,24
734,1994-06-23,1.196,1994,6,23
735,1994-06-22,1.1947,1994,6,22
736,1994-06-21,1.204,1994,6,21
737,1994-06-20,1.1997,1994,6,20
738,1994-06-17,1.1927,1994,6,17
739,1994-06-16,1.175,1994,6,16
740,1994-06-15,1.1772,1994,6,15
741,1994-06-14,1.1713,1994,6,14
742,1994-06-13,1.1723,1994,6,13
743,1994-06-10,1.1589,1994,6,10
744,1994-06-09,1.1573,1994,6,9
745,1994-06-08,1.1572,1994,6,8
746,1994-06-07,1.1575,1994,6,7
747,1994-06-06,1.1553,1994,6,6
748,1994-06-03,1.154,1994,6,3
749,1994-06-02,1.1654,1994,6,2
750,1994-06-01,1.1696,1994,6,1
751,1994-05-31,1.1708,1994,5,31
752,1994-05-30,1.1698,1994,5,30
753,1994-05-27,1.1717,1994,5,27
754,1994-05-26,1.168,1994,5,26
755,1994-05-25,1.171,1994,5,25
756,1994-05-24,1.165,1994,5,24
757,1994-05-23,1.1715,1994,5,23
758,1994-05-20,1.1699,1994,5,20
759,1994-05-19,1.1626,1994,5,19
760,1994-05-18,1.1645,1994,5,18
761,1994-05-17,1.1535,1994,5,17
762,1994-05-16,1.1524,1994,5,16
763,1994-05-13,1.1545,1994,5,13
764,1994-05-12,1.1559,1994,5,12
765,1994-05-11,1.1543,1994,5,11
766,1994-05-10,1.1524,1994,5,10
767,1994-05-09,1.1645,1994,5,9
768,1994-05-06,1.1582,1994,5,6
769,1994-05-05,1.1555,1994,5,5
770,1994-05-04,1.164,1994,5,4
771,1994-05-03,1.1765,1994,5,3
772,1994-05-02,1.171,1994,5,2
773,1994-04-29,1.1679,1994,4,29
774,1994-04-28,1.1618,1994,4,28
775,1994-04-27,1.1563,1994,4,27
776,1994-04-26,1.1528,1994,4,26
777,1994-04-25,1.1484,1994,4,25
778,1994-04-22,1.1432,1994,4,22
779,1994-04-21,1.1445,1994,4,21
780,1994-04-20,1.143,1994,4,20
781,1994-04-19,1.1361,1994,4,19
782,1994-04-18,1.131,1994,4,18
783,1994-04-15,1.1293,1994,4,15
784,1994-04-14,1.1315,1994,4,14
785,1994-04-13,1.1325,1994,4,13
786,1994-04-12,1.1285,1994,4,12
787,1994-04-11,1.1305,1994,4,11
788,1994-04-08,1.1298,1994,4,8
789,1994-04-07,1.128,1994,4,7
790,1994-04-06,1.1275,1994,4,6
791,1994-04-05,1.126,1994,4,5
792,1994-04-04,1.1375,1994,4,4
793,1994-04-01,1.1368,1994,4,1
794,1994-03-31,1.1517,1994,3,31
795,1994-03-30,1.1505,1994,3,30
796,1994-03-29,1.1507,1994,3,29
797,1994-03-28,1.1531,1994,3,28
798,1994-03-25,1.1545,1994,3,25
799,1994-03-24,1.1545,1994,3,24
800,1994-03-23,1.1466,1994,3,23
801,1994-03-22,1.1412,1994,3,22
802,1994-03-21,1.1404,1994,3,21
803,1994-03-18,1.138,1994,3,18
804,1994-03-17,1.1427,1994,3,17
805,1994-03-16,1.1434,1994,3,16
806,1994-03-15,1.1389,1994,3,15
807,1994-03-14,1.1432,1994,3,14
808,1994-03-11,1.147,1994,3,11
809,1994-03-10,1.1475,1994,3,10
810,1994-03-09,1.1337,1994,3,9
811,1994-03-08,1.1282,1994,3,8
812,1994-03-07,1.1267,1994,3,7
813,1994-03-04,1.1257,1994,3,4
814,1994-03-03,1.13,1994,3,3
815,1994-03-02,1.1336,1994,3,2
816,1994-03-01,1.13,1994,3,1
817,1994-02-28,1.1332,1994,2,28
818,1994-02-25,1.1315,1994,2,25
819,1994-02-24,1.1274,1994,2,24
820,1994-02-23,1.121,1994,2,23
821,1994-02-22,1.1243,1994,2,22
822,1994-02-21,1.1191,1994,2,21
823,1994-02-18,1.129,1994,2,18
824,1994-02-17,1.1242,1994,2,17
825,1994-02-16,1.1233,1994,2,16
826,1994-02-15,1.1188,1994,2,15
827,1994-02-14,1.1223,1994,2,14
828,1994-02-11,1.106,1994,2,11
829,1994-02-10,1.1073,1994,2,10
830,1994-02-09,1.1105,1994,2,9
831,1994-02-08,1.1031,1994,2,8
832,1994-02-07,1.1066,1994,2,7
833,1994-02-04,1.1067,1994,2,4
834,1994-02-03,1.1162,1994,2,3
835,1994-02-02,1.1206,1994,2,2
836,1994-02-01,1.1227,1994,2,1
837,1994-01-31,1.121,1994,1,31
838,1994-01-28,1.1151,1994,1,28
839,1994-01-27,1.123,1994,1,27
840,1994-01-26,1.114,1994,1,26
841,1994-01-25,1.1118,1994,1,25
842,1994-01-24,1.1098,1994,1,24
843,1994-01-21,1.1087,1994,1,21
844,1994-01-20,1.1157,1994,1,20
845,1994-01-19,1.1112,1994,1,19
846,1994-01-18,1.112,1994,1,18
847,1994-01-17,1.1068,1994,1,17
848,1994-01-14,1.1087,1994,1,14
849,1994-01-13,1.1092,1994,1,13
850,1994-01-12,1.1179,1994,1,12
851,1994-01-11,1.1126,1994,1,11
852,1994-01-10,1.1158,1994,1,10
853,1994-01-07,1.122,1994,1,7
854,1994-01-06,1.1128,1994,1,6
855,1994-01-05,1.1159,1994,1,5
856,1994-01-04,1.1177,1994,1,4
857,1994-01-03,1.1117,1994,1,3
858,1993-12-31,1.113,1993,12,31
859,1993-12-30,1.1163,1993,12,30
860,1993-12-29,1.1197,1993,12,29
861,1993-12-28,1.1371,1993,12,28
862,1993-12-27,1.1362,1993,12,27
863,1993-12-24,1.141,1993,12,24
864,1993-12-23,1.141,1993,12,23
865,1993-12-22,1.1344,1993,12,22
866,1993-12-21,1.1327,1993,12,21
867,1993-12-20,1.1287,1993,12,20
868,1993-12-17,1.1294,1993,12,17
869,1993-12-16,1.1286,1993,12,16
870,1993-12-15,1.1248,1993,12,15
871,1993-12-14,1.1269,1993,12,14
872,1993-12-13,1.1301,1993,12,13
873,1993-12-10,1.1365,1993,12,10
874,1993-12-09,1.1313,1993,12,9
875,1993-12-08,1.1315,1993,12,8
876,1993-12-07,1.1315,1993,12,7
877,1993-12-06,1.134,1993,12,6
878,1993-12-03,1.1195,1993,12,3
879,1993-12-02,1.116,1993,12,2
880,1993-12-01,1.1157,1993,12,1
881,1993-11-30,1.1205,1993,11,30
882,1993-11-29,1.1256,1993,11,29
883,1993-11-26,1.122,1993,11,26
884,1993-11-25,1.1244,1993,11,25
885,1993-11-24,1.1274,1993,11,24
886,1993-11-23,1.1265,1993,11,23
887,1993-11-22,1.126,1993,11,22
888,1993-11-19,1.1201,1993,11,19
889,1993-11-18,1.1229,1993,11,18
890,1993-11-17,1.1283,1993,11,17
891,1993-11-16,1.1269,1993,11,16
892,1993-11-15,1.1329,1993,11,15
893,1993-11-12,1.1373,1993,11,12
894,1993-11-11,1.1302,1993,11,11
895,1993-11-10,1.134,1993,11,10
896,1993-11-09,1.1305,1993,11,9
897,1993-11-08,1.1365,1993,11,8
898,1993-11-05,1.1333,1993,11,5
899,1993-11-04,1.1322,1993,11,4
900,1993-11-03,1.133,1993,11,3
901,1993-11-02,1.129,1993,11,2
902,1993-11-01,1.129,1993,11,1
903,1993-10-29,1.133,1993,10,29
904,1993-10-28,1.1415,1993,10,28
905,1993-10-27,1.1381,1993,10,27
906,1993-10-26,1.14,1993,10,26
907,1993-10-25,1.1358,1993,10,25
908,1993-10-22,1.1398,1993,10,22
909,1993-10-21,1.1433,1993,10,21
910,1993-10-20,1.158,1993,10,20
911,1993-10-19,1.1558,1993,10,19
912,1993-10-18,1.1562,1993,10,18
913,1993-10-15,1.1692,1993,10,15
914,1993-10-14,1.1707,1993,10,14
915,1993-10-13,1.181,1993,10,13
916,1993-10-12,1.186,1993,10,12
917,1993-10-11,1.1773,1993,10,11
918,1993-10-08,1.1772,1993,10,8
919,1993-10-07,1.1652,1993,10,7
920,1993-10-06,1.1679,1993,10,6
921,1993-10-05,1.1669,1993,10,5
922,1993-10-04,1.1698,1993,10,4
923,1993-10-01,1.1633,1993,10,1
924,1993-09-30,1.1618,1993,9,30
925,1993-09-29,1.1778,1993,9,29
926,1993-09-28,1.1773,1993,9,28
927,1993-09-27,1.1688,1993,9,27
928,1993-09-24,1.1629,1993,9,24
929,1993-09-23,1.1607,1993,9,23
930,1993-09-22,1.167,1993,9,22
931,1993-09-21,1.1769,1993,9,21
932,1993-09-20,1.1824,1993,9,20
933,1993-09-17,1.1779,1993,9,17
934,1993-09-16,1.1852,1993,9,16
935,1993-09-15,1.1909,1993,9,15
936,1993-09-14,1.1831,1993,9,14
937,1993-09-13,1.1867,1993,9,13
938,1993-09-10,1.1865,1993,9,10
939,1993-09-09,1.181,1993,9,9
940,1993-09-08,1.1707,1993,9,8
941,1993-09-07,1.1713,1993,9,7
942,1993-09-06,1.1747,1993,9,6
943,1993-09-03,1.165,1993,9,3
944,1993-09-02,1.1515,1993,9,2
945,1993-09-01,1.1453,1993,9,1
946,1993-08-31,1.138,1993,8,31
947,1993-08-30,1.138,1993,8,30
948,1993-08-27,1.1425,1993,8,27
949,1993-08-26,1.1412,1993,8,26
950,1993-08-25,1.1333,1993,8,25
951,1993-08-24,1.1393,1993,8,24
952,1993-08-23,1.1358,1993,8,23
953,1993-08-20,1.142,1993,8,20
954,1993-08-19,1.1324,1993,8,19
955,1993-08-18,1.1354,1993,8,18
956,1993-08-17,1.1262,1993,8,17
957,1993-08-16,1.1271,1993,8,16
958,1993-08-13,1.1107,1993,8,13
959,1993-08-12,1.112,1993,8,12
960,1993-08-11,1.1113,1993,8,11
961,1993-08-10,1.1092,1993,8,10
962,1993-08-09,1.1202,1993,8,9
963,1993-08-06,1.127,1993,8,6
964,1993-08-05,1.1208,1993,8,5
965,1993-08-04,1.1255,1993,8,4
966,1993-08-03,1.1173,1993,8,3
967,1993-08-02,1.1107,1993,8,2
968,1993-07-30,1.0935,1993,7,30
969,1993-07-29,1.1142,1993,7,29
970,1993-07-28,1.1302,1993,7,28
971,1993-07-27,1.1244,1993,7,27
972,1993-07-26,1.1265,1993,7,26
973,1993-07-23,1.1282,1993,7,23
974,1993-07-22,1.1402,1993,7,22
975,1993-07-21,1.1463,1993,7,21
976,1993-07-20,1.1458,1993,7,20
977,1993-07-19,1.14,1993,7,19
978,1993-07-16,1.132,1993,7,16
979,1993-07-15,1.1307,1993,7,15
980,1993-07-14,1.1363,1993,7,14
981,1993-07-13,1.1361,1993,7,13
982,1993-07-12,1.1274,1993,7,12
983,1993-07-09,1.1331,1993,7,9
984,1993-07-08,1.1477,1993,7,8
985,1993-07-07,1.1475,1993,7,7
986,1993-07-06,1.1486,1993,7,6
987,1993-07-05,1.154,1993,7,5
988,1993-07-02,1.154,1993,7,2
989,1993-07-01,1.1571,1993,7,1
990,1993-06-30,1.1471,1993,6,30
991,1993-06-29,1.1606,1993,6,29
992,1993-06-28,1.155,1993,6,28
993,1993-06-25,1.1467,1993,6,25
994,1993-06-24,1.1476,1993,6,24
995,1993-06-23,1.1578,1993,6,23
996,1993-06-22,1.155,1993,6,22
997,1993-06-21,1.1612,1993,6,21
998,1993-06-18,1.1663,1993,6,18
999,1993-06-17,1.1806,1993,6,17
1000,1993-06-16,1.181,1993,6,16
1001,1993-06-15,1.1884,1993,6,15
1002,1993-06-14,1.2012,1993,6,14
1003,1993-06-11,1.2009,1993,6,11
1004,1993-06-10,1.2011,1993,6,10
1005,1993-06-09,1.1962,1993,6,9
1006,1993-06-08,1.2027,1993,6,8
1007,1993-06-07,1.206,1993,6,7
1008,1993-06-04,1.1999,1993,6,4
1009,1993-06-03,1.2225,1993,6,3
1010,1993-06-02,1.2203,1993,6,2
1011,1993-06-01,1.23,1993,6,1
1012,1993-05-31,1.2241,1993,5,31
1013,1993-05-28,1.2295,1993,5,28
1014,1993-05-27,1.218,1993,5,27
1015,1993-05-26,1.2028,1993,5,26
1016,1993-05-25,1.2021,1993,5,25
1017,1993-05-24,1.1978,1993,5,24
1018,1993-05-21,1.2057,1993,5,21
1019,1993-05-20,1.2107,1993,5,20
1020,1993-05-19,1.2059,1993,5,19
1021,1993-05-18,1.2058,1993,5,18
1022,1993-05-17,1.2105,1993,5,17
1023,1993-05-14,1.2178,1993,5,14
1024,1993-05-13,1.2067,1993,5,13
1025,1993-05-12,1.2144,1993,5,12
1026,1993-05-11,1.216,1993,5,11
1027,1993-05-10,1.2155,1993,5,10
1028,1993-05-07,1.2346,1993,5,7
1029,1993-05-06,1.2435,1993,5,6
1030,1993-05-05,1.2385,1993,5,5
1031,1993-05-04,1.2405,1993,5,4
1032,1993-05-03,1.237,1993,5,3
1033,1993-04-30,1.233,1993,4,30
1034,1993-04-29,1.2388,1993,4,29
1035,1993-04-28,1.2388,1993,4,28
1036,1993-04-27,1.2315,1993,4,27
1037,1993-04-26,1.244,1993,4,26
1038,1993-04-23,1.2326,1993,4,23
1039,1993-04-22,1.227,1993,4,22
1040,1993-04-21,1.219,1993,4,21
1041,1993-04-20,1.2203,1993,4,20
1042,1993-04-19,1.2188,1993,4,19
1043,1993-04-16,1.2056,1993,4,16
1044,1993-04-15,1.2133,1993,4,15
1045,1993-04-14,1.2217,1993,4,14
1046,1993-04-13,1.232,1993,4,13
1047,1993-04-12,1.2221,1993,4,12
1048,1993-04-09,1.213,1993,4,9
1049,1993-04-08,1.2123,1993,4,8
1050,1993-04-07,1.2014,1993,4,7
1051,1993-04-06,1.2067,1993,4,6
1052,1993-04-05,1.2164,1993,4,5
1053,1993-04-02,1.2148,1993,4,2
1054,1993-04-01,1.2178,1993,4,1
1055,1993-03-31,1.207,1993,3,31
1056,1993-03-30,1.1978,1993,3,30
1057,1993-03-29,1.1918,1993,3,29
1058,1993-03-26,1.1875,1993,3,26
1059,1993-03-25,1.1809,1993,3,25
1060,1993-03-24,1.183,1993,3,24
1061,1993-03-23,1.1895,1993,3,23
1062,1993-03-22,1.1843,1993,3,22
1063,1993-03-19,1.1857,1993,3,19
1064,1993-03-18,1.181,1993,3,18
1065,1993-03-17,1.1675,1993,3,17
1066,1993-03-16,1.1662,1993,3,16
1067,1993-03-15,1.1663,1993,3,15
1068,1993-03-12,1.165,1993,3,12
1069,1993-03-11,1.168,1993,3,11
1070,1993-03-10,1.1653,1993,3,10
1071,1993-03-09,1.1659,1993,3,9
1072,1993-03-08,1.1697,1993,3,8
1073,1993-03-05,1.1675,1993,3,5
1074,1993-03-04,1.1854,1993,3,4
1075,1993-03-03,1.1799,1993,3,3
1076,1993-03-02,1.1839,1993,3,2
1077,1993-03-01,1.1738,1993,3,1
1078,1993-02-26,1.178,1993,2,26
1079,1993-02-25,1.1824,1993,2,25
1080,1993-02-24,1.1885,1993,2,24
1081,1993-02-23,1.1917,1993,2,23
1082,1993-02-22,1.1925,1993,2,22
1083,1993-02-19,1.1872,1993,2,19
1084,1993-02-18,1.1905,1993,2,18
1085,1993-02-17,1.1945,1993,2,17
1086,1993-02-16,1.193,1993,2,16
1087,1993-02-15,1.1733,1993,2,15
1088,1993-02-12,1.174,1993,2,12
1089,1993-02-11,1.1743,1993,2,11
1090,1993-02-10,1.173,1993,2,10
1091,1993-02-09,1.1783,1993,2,9
1092,1993-02-08,1.1781,1993,2,8
1093,1993-02-05,1.175,1993,2,5
1094,1993-02-04,1.1759,1993,2,4
1095,1993-02-03,1.1815,1993,2,3
1096,1993-02-02,1.1898,1993,2,2
1097,1993-02-01,1.1932,1993,2,1
1098,1993-01-29,1.211,1993,1,29
1099,1993-01-28,1.2311,1993,1,28
1100,1993-01-27,1.2315,1993,1,27
1101,1993-01-26,1.2431,1993,1,26
1102,1993-01-25,1.244,1993,1,25
1103,1993-01-22,1.2321,1993,1,22
1104,1993-01-21,1.2157,1993,1,21
1105,1993-01-20,1.2251,1993,1,20
1106,1993-01-19,1.2185,1993,1,19
1107,1993-01-18,1.2172,1993,1,18
1108,1993-01-15,1.201,1993,1,15
1109,1993-01-14,1.208,1993,1,14
1110,1993-01-13,1.2095,1993,1,13
1111,1993-01-12,1.2046,1993,1,12
1112,1993-01-11,1.2054,1993,1,11
1113,1993-01-08,1.191,1993,1,8
1114,1993-01-07,1.198,1993,1,7
1115,1993-01-06,1.199,1993,1,6
1116,1993-01-05,1.204,1993,1,5
1117,1993-01-04,1.1909,1993,1,4
1118,1992-12-31,1.2047,1992,12,31
1119,1992-12-30,1.2064,1992,12,30
1120,1992-12-29,1.209,1992,12,29
1121,1992-12-28,1.205,1992,12,28
1122,1992-12-25,1.222,1992,12,25
1123,1992-12-24,1.222,1992,12,24
1124,1992-12-23,1.225,1992,12,23
1125,1992-12-22,1.2291,1992,12,22
1126,1992-12-21,1.2451,1992,12,21
1127,1992-12-18,1.2485,1992,12,18
1128,1992-12-17,1.256,1992,12,17
1129,1992-12-16,1.2571,1992,12,16
1130,1992-12-15,1.2511,1992,12,15
1131,1992-12-14,1.2495,1992,12,14
1132,1992-12-11,1.243,1992,12,11
1133,1992-12-10,1.2401,1992,12,10
1134,1992-12-09,1.246,1992,12,9
1135,1992-12-08,1.2615,1992,12,8
1136,1992-12-07,1.2617,1992,12,7
1137,1992-12-04,1.2352,1992,12,4
1138,1992-12-03,1.2385,1992,12,3
1139,1992-12-02,1.2442,1992,12,2
1140,1992-12-01,1.2428,1992,12,1
1141,1992-11-30,1.2312,1992,11,30
1142,1992-11-27,1.2245,1992,11,27
1143,1992-11-26,1.229,1992,11,26
1144,1992-11-25,1.235,1992,11,25
1145,1992-11-24,1.2289,1992,11,24
1146,1992-11-23,1.2264,1992,11,23
1147,1992-11-20,1.2313,1992,11,20
1148,1992-11-19,1.2473,1992,11,19
1149,1992-11-18,1.237,1992,11,18
1150,1992-11-17,1.2372,1992,11,17
1151,1992-11-16,1.236,1992,11,16
1152,1992-11-13,1.25,1992,11,13
1153,1992-11-12,1.2429,1992,11,12
1154,1992-11-11,1.2367,1992,11,11
1155,1992-11-10,1.2325,1992,11,10
1156,1992-11-09,1.2295,1992,11,9
1157,1992-11-06,1.2317,1992,11,6
1158,1992-11-05,1.2411,1992,11,5
1159,1992-11-04,1.2519,1992,11,4
1160,1992-11-03,1.2545,1992,11,3
1161,1992-11-02,1.2551,1992,11,2
1162,1992-10-30,1.2729,1992,10,30
1163,1992-10-29,1.2762,1992,10,29
1164,1992-10-28,1.2709,1992,10,28
1165,1992-10-27,1.2833,1992,10,27
1166,1992-10-26,1.2814,1992,10,26
1167,1992-10-23,1.284,1992,10,23
1168,1992-10-22,1.2993,1992,10,22
1169,1992-10-21,1.2856,1992,10,21
1170,1992-10-20,1.2924,1992,10,20
1171,1992-10-19,1.299,1992,10,19
1172,1992-10-16,1.316,1992,10,16
1173,1992-10-15,1.3414,1992,10,15
1174,1992-10-14,1.3395,1992,10,14
1175,1992-10-13,1.3325,1992,10,13
1176,1992-10-12,1.3245,1992,10,12
1177,1992-10-09,1.3155,1992,10,9
1178,1992-10-08,1.3172,1992,10,8
1179,1992-10-07,1.343,1992,10,7
1180,1992-10-06,1.3645,1992,10,6
1181,1992-10-05,1.3643,1992,10,5
1182,1992-10-02,1.3785,1992,10,2
1183,1992-10-01,1.3785,1992,10,1
1184,1992-09-30,1.386,1992,9,30
1185,1992-09-29,1.3887,1992,9,29
1186,1992-09-28,1.3535,1992,9,28
1187,1992-09-25,1.3205,1992,9,25
1188,1992-09-24,1.3095,1992,9,24
1189,1992-09-23,1.308,1992,9,23
1190,1992-09-22,1.2935,1992,9,22
1191,1992-09-21,1.3205,1992,9,21
1192,1992-09-18,1.3005,1992,9,18
1193,1992-09-17,1.327,1992,9,17
1194,1992-09-16,1.298,1992,9,16
1195,1992-09-15,1.3467,1992,9,15
1196,1992-09-14,1.3615,1992,9,14
1197,1992-09-11,1.3937,1992,9,11
1198,1992-09-10,1.4224,1992,9,10
1199,1992-09-09,1.4308,1992,9,9
1200,1992-09-08,1.4535,1992,9,8
1201,1992-09-07,1.4443,1992,9,7
1202,1992-09-04,1.4445,1992,9,4
1203,1992-09-03,1.4305,1992,9,3
1204,1992-09-02,1.4495,1992,9,2
1205,1992-09-01,1.4536,1992,9,1
1206,1992-08-31,1.441,1992,8,31
1207,1992-08-28,1.4335,1992,8,28
1208,1992-08-27,1.4335,1992,8,27
1209,1992-08-26,1.4366,1992,8,26
1210,1992-08-25,1.4425,1992,8,25
1211,1992-08-24,1.443,1992,8,24
1212,1992-08-21,1.421,1992,8,21
1213,1992-08-20,1.4035,1992,8,20
1214,1992-08-19,1.3975,1992,8,19
1215,1992-08-18,1.3963,1992,8,18
1216,1992-08-17,1.3897,1992,8,17
1217,1992-08-14,1.3885,1992,8,14
1218,1992-08-13,1.3976,1992,8,13
1219,1992-08-12,1.3916,1992,8,12
1220,1992-08-11,1.3897,1992,8,11
1221,1992-08-10,1.3923,1992,8,10
1222,1992-08-07,1.3898,1992,8,7
1223,1992-08-06,1.3803,1992,8,6
1224,1992-08-05,1.376,1992,8,5
1225,1992-08-04,1.3803,1992,8,4
1226,1992-08-03,1.3838,1992,8,3
1227,1992-07-31,1.3828,1992,7,31
1228,1992-07-30,1.3815,1992,7,30
1229,1992-07-29,1.3764,1992,7,29
1230,1992-07-28,1.384,1992,7,28
1231,1992-07-27,1.3785,1992,7,27
1232,1992-07-24,1.3555,1992,7,24
1233,1992-07-23,1.3752,1992,7,23
1234,1992-07-22,1.371,1992,7,22
1235,1992-07-21,1.3725,1992,7,21
1236,1992-07-20,1.3645,1992,7,20
1237,1992-07-17,1.3965,1992,7,17
1238,1992-07-16,1.3795,1992,7,16
1239,1992-07-15,1.3745,1992,7,15
1240,1992-07-14,1.3737,1992,7,14
1241,1992-07-13,1.3845,1992,7,13
1242,1992-07-10,1.366,1992,7,10
1243,1992-07-09,1.3535,1992,7,9
1244,1992-07-08,1.3733,1992,7,8
1245,1992-07-07,1.3745,1992,7,7
1246,1992-07-06,1.3535,1992,7,6
1247,1992-07-03,1.3493,1992,7,3
1248,1992-07-02,1.3575,1992,7,2
1249,1992-07-01,1.345,1992,7,1
1250,1992-06-30,1.3447,1992,6,30
1251,1992-06-29,1.3464,1992,6,29
1252,1992-06-26,1.3356,1992,6,26
1253,1992-06-25,1.3335,1992,6,25
1254,1992-06-24,1.3235,1992,6,24
1255,1992-06-23,1.3085,1992,6,23
1256,1992-06-22,1.31,1992,6,22
1257,1992-06-19,1.303,1992,6,19
1258,1992-06-18,1.307,1992,6,18
1259,1992-06-17,1.3015,1992,6,17
1260,1992-06-16,1.3103,1992,6,16
1261,1992-06-15,1.305,1992,6,15
1262,1992-06-12,1.2985,1992,6,12
1263,1992-06-11,1.2985,1992,6,11
1264,1992-06-10,1.2893,1992,6,10
1265,1992-06-09,1.2878,1992,6,9
1266,1992-06-08,1.2913,1992,6,8
1267,1992-06-05,1.2887,1992,6,5
1268,1992-06-04,1.2878,1992,6,4
1269,1992-06-03,1.2785,1992,6,3
1270,1992-06-02,1.2718,1992,6,2
1271,1992-06-01,1.2798,1992,6,1
1272,1992-05-29,1.2785,1992,5,29
1273,1992-05-28,1.265,1992,5,28
1274,1992-05-27,1.2565,1992,5,27
1275,1992-05-26,1.2735,1992,5,26
1276,1992-05-25,1.2725,1992,5,25
1277,1992-05-22,1.272,1992,5,22
1278,1992-05-21,1.271,1992,5,21
1279,1992-05-20,1.2837,1992,5,20
1280,1992-05-19,1.2895,1992,5,19
1281,1992-05-18,1.2875,1992,5,18
1282,1992-05-15,1.2767,1992,5,15
1283,1992-05-14,1.2701,1992,5,14
1284,1992-05-13,1.278,1992,5,13
1285,1992-05-12,1.2663,1992,5,12
1286,1992-05-11,1.2545,1992,5,11
1287,1992-05-08,1.2493,1992,5,8
1288,1992-05-07,1.257,1992,5,7
1289,1992-05-06,1.2608,1992,5,6
1290,1992-05-05,1.2541,1992,5,5
1291,1992-05-04,1.2467,1992,5,4
1292,1992-05-01,1.251,1992,5,1
1293,1992-04-30,1.2455,1992,4,30
1294,1992-04-29,1.2381,1992,4,29
1295,1992-04-28,1.2422,1992,4,28
1296,1992-04-27,1.241,1992,4,27
1297,1992-04-24,1.2425,1992,4,24
1298,1992-04-23,1.2375,1992,4,23
1299,1992-04-22,1.2353,1992,4,22
1300,1992-04-21,1.2297,1992,4,21
1301,1992-04-20,1.2305,1992,4,20
1302,1992-04-17,1.2287,1992,4,17
1303,1992-04-16,1.2285,1992,4,16
1304,1992-04-15,1.2325,1992,4,15
1305,1992-04-14,1.2385,1992,4,14
1306,1992-04-13,1.24,1992,4,13
1307,1992-04-10,1.2505,1992,4,10
1308,1992-04-09,1.2625,1992,4,9
1309,1992-04-08,1.2555,1992,4,8
1310,1992-04-07,1.26,1992,4,7
1311,1992-04-06,1.2565,1992,4,6
1312,1992-04-03,1.2555,1992,4,3
1313,1992-04-02,1.243,1992,4,2
1314,1992-04-01,1.2365,1992,4,1
1315,1992-03-31,1.2431,1992,3,31
1316,1992-03-30,1.2415,1992,3,30
1317,1992-03-27,1.245,1992,3,27
1318,1992-03-26,1.2315,1992,3,26
1319,1992-03-25,1.2382,1992,3,25
1320,1992-03-24,1.229,1992,3,24
1321,1992-03-23,1.2274,1992,3,23
1322,1992-03-20,1.2235,1992,3,20
1323,1992-03-19,1.2231,1992,3,19
1324,1992-03-18,1.2358,1992,3,18
1325,1992-03-17,1.2419,1992,3,17
1326,1992-03-16,1.2302,1992,3,16
1327,1992-03-13,1.2246,1992,3,13
1328,1992-03-12,1.2253,1992,3,12
1329,1992-03-11,1.2311,1992,3,11
1330,1992-03-10,1.225,1992,3,10
1331,1992-03-09,1.2314,1992,3,9
1332,1992-03-06,1.227,1992,3,6
1333,1992-03-05,1.2236,1992,3,5
1334,1992-03-04,1.2276,1992,3,4
1335,1992-03-03,1.2353,1992,3,3
1336,1992-03-02,1.2456,1992,3,2
1337,1992-02-28,1.2485,1992,2,28
1338,1992-02-27,1.2522,1992,2,27
1339,1992-02-26,1.2438,1992,2,26
1340,1992-02-25,1.234,1992,2,25
1341,1992-02-24,1.2383,1992,2,24
1342,1992-02-21,1.2366,1992,2,21
1343,1992-02-20,1.2445,1992,2,20
1344,1992-02-19,1.2455,1992,2,19
1345,1992-02-18,1.2446,1992,2,18
1346,1992-02-17,1.2603,1992,2,17
1347,1992-02-14,1.2575,1992,2,14
1348,1992-02-13,1.26,1992,2,13
1349,1992-02-12,1.2715,1992,2,12
1350,1992-02-11,1.2802,1992,2,11
1351,1992-02-10,1.2945,1992,2,10
1352,1992-02-07,1.3095,1992,2,7
1353,1992-02-06,1.295,1992,2,6
1354,1992-02-05,1.2915,1992,2,5
1355,1992-02-04,1.2815,1992,2,4
1356,1992-02-03,1.2765,1992,2,3
1357,1992-01-31,1.2685,1992,1,31
1358,1992-01-30,1.2642,1992,1,30
1359,1992-01-29,1.275,1992,1,29
1360,1992-01-28,1.2765,1992,1,28
1361,1992-01-27,1.2679,1992,1,27
1362,1992-01-24,1.279,1992,1,24
1363,1992-01-23,1.27,1992,1,23
1364,1992-01-22,1.2843,1992,1,22
1365,1992-01-21,1.2864,1992,1,21
1366,1992-01-20,1.285,1992,1,20
1367,1992-01-17,1.2839,1992,1,17
1368,1992-01-16,1.2609,1992,1,16
1369,1992-01-15,1.2547,1992,1,15
1370,1992-01-14,1.2808,1992,1,14
1371,1992-01-13,1.2906,1992,1,13
1372,1992-01-10,1.2844,1992,1,10
1373,1992-01-09,1.304,1992,1,9
1374,1992-01-08,1.3489,1992,1,8
1375,1992-01-07,1.3495,1992,1,7
1376,1992-01-06,1.3437,1992,1,6
1377,1992-01-03,1.3182,1992,1,3
1378,1992-01-02,1.3285,1992,1,2
1379,1992-01-01,1.3369,1992,1,1
1380,1991-12-31,1.3369,1991,12,31
1381,1991-12-30,1.3359,1991,12,30
1382,1991-12-27,1.3345,1991,12,27
1383,1991-12-26,1.3468,1991,12,26
1384,1991-12-25,1.3355,1991,12,25
1385,1991-12-24,1.334,1991,12,24
1386,1991-12-23,1.3384,1991,12,23
1387,1991-12-20,1.322,1991,12,20
1388,1991-12-19,1.3049,1991,12,19
1389,1991-12-18,1.2957,1991,12,18
1390,1991-12-17,1.2969,1991,12,17
1391,1991-12-16,1.2937,1991,12,16
1392,1991-12-13,1.2834,1991,12,13
1393,1991-12-12,1.2853,1991,12,12
1394,1991-12-11,1.2905,1991,12,11
1395,1991-12-10,1.2872,1991,12,10
1396,1991-12-09,1.2932,1991,12,9
1397,1991-12-06,1.2953,1991,12,6
1398,1991-12-05,1.2794,1991,12,5
1399,1991-12-04,1.2713,1991,12,4
1400,1991-12-03,1.2654,1991,12,3
1401,1991-12-02,1.2612,1991,12,2
1402,1991-11-29,1.255,1991,11,29
1403,1991-11-28,1.2593,1991,11,28
1404,1991-11-27,1.262,1991,11,27
1405,1991-11-26,1.2614,1991,11,26
1406,1991-11-25,1.2797,1991,11,25
1407,1991-11-22,1.2824,1991,11,22
1408,1991-11-21,1.2753,1991,11,21
1409,1991-11-20,1.2754,1991,11,20
1410,1991-11-19,1.276,1991,11,19
1411,1991-11-18,1.2664,1991,11,18
1412,1991-11-15,1.2605,1991,11,15
1413,1991-11-14,1.2537,1991,11,14
1414,1991-11-13,1.2507,1991,11,13
1415,1991-11-12,1.2462,1991,11,12
1416,1991-11-11,1.2463,1991,11,11
1417,1991-11-08,1.2399,1991,11,8
1418,1991-11-07,1.2454,1991,11,7
1419,1991-11-06,1.249,1991,11,6
1420,1991-11-05,1.248,1991,11,5
1421,1991-11-04,1.2479,1991,11,4
1422,1991-11-01,1.2439,1991,11,1
1423,1991-10-31,1.2242,1991,10,31
1424,1991-10-30,1.2249,1991,10,30
1425,1991-10-29,1.2153,1991,10,29
1426,1991-10-28,1.1929,1991,10,28
1427,1991-10-25,1.2048,1991,10,25
1428,1991-10-24,1.205,1991,10,24
1429,1991-10-23,1.1965,1991,10,23
1430,1991-10-22,1.2054,1991,10,22
1431,1991-10-21,1.209,1991,10,21
1432,1991-10-18,1.2134,1991,10,18
1433,1991-10-17,1.2075,1991,10,17
1434,1991-10-16,1.201,1991,10,16
1435,1991-10-15,1.1959,1991,10,15
1436,1991-10-14,1.2054,1991,10,14
1437,1991-10-11,1.2125,1991,10,11
1438,1991-10-10,1.2075,1991,10,10
1439,1991-10-09,1.2122,1991,10,9
1440,1991-10-08,1.201,1991,10,8
1441,1991-10-07,1.2195,1991,10,7
1442,1991-10-04,1.2209,1991,10,4
1443,1991-10-03,1.2313,1991,10,3
1444,1991-10-02,1.2285,1991,10,2
1445,1991-10-01,1.2275,1991,10,1
1446,1991-09-30,1.2279,1991,9,30
1447,1991-09-27,1.226,1991,9,27
1448,1991-09-26,1.214,1991,9,26
1449,1991-09-25,1.2191,1991,9,25
1450,1991-09-24,1.2129,1991,9,24
1451,1991-09-23,1.2235,1991,9,23
1452,1991-09-20,1.2155,1991,9,20
1453,1991-09-19,1.2136,1991,9,19
1454,1991-09-18,1.2159,1991,9,18
1455,1991-09-17,1.2245,1991,9,17
1456,1991-09-16,1.2225,1991,9,16
1457,1991-09-13,1.2149,1991,9,13
1458,1991-09-12,1.2155,1991,9,12
1459,1991-09-11,1.2144,1991,9,11
1460,1991-09-10,1.2115,1991,9,10
1461,1991-09-09,1.2108,1991,9,9
1462,1991-09-06,1.198,1991,9,6
1463,1991-09-05,1.1819,1991,9,5
1464,1991-09-04,1.1829,1991,9,4
1465,1991-09-03,1.1835,1991,9,3
1466,1991-09-02,1.1768,1991,9,2
1467,1991-08-30,1.1755,1991,8,30
1468,1991-08-29,1.1778,1991,8,29
1469,1991-08-28,1.1814,1991,8,28
1470,1991-08-27,1.174,1991,8,27
1471,1991-08-26,1.175,1991,8,26
1472,1991-08-23,1.174,1991,8,23
1473,1991-08-22,1.1845,1991,8,22
1474,1991-08-21,1.181,1991,8,21
1475,1991-08-20,1.144,1991,8,20
1476,1991-08-19,1.1278,1991,8,19
1477,1991-08-16,1.1627,1991,8,16
1478,1991-08-15,1.1725,1991,8,15
1479,1991-08-14,1.1799,1991,8,14
1480,1991-08-13,1.1835,1991,8,13
1481,1991-08-12,1.1884,1991,8,12
1482,1991-08-09,1.186,1991,8,9
1483,1991-08-08,1.1934,1991,8,8
1484,1991-08-07,1.1989,1991,8,7
1485,1991-08-06,1.1995,1991,8,6
1486,1991-08-05,1.1952,1991,8,5
1487,1991-08-02,1.1794,1991,8,2
1488,1991-08-01,1.17,1991,8,1
1489,1991-07-31,1.1774,1991,7,31
1490,1991-07-30,1.1694,1991,7,30
1491,1991-07-29,1.1744,1991,7,29
1492,1991-07-26,1.1774,1991,7,26
1493,1991-07-25,1.1682,1991,7,25
1494,1991-07-24,1.1835,1991,7,24
1495,1991-07-23,1.1694,1991,7,23
1496,1991-07-22,1.1654,1991,7,22
1497,1991-07-19,1.1764,1991,7,19
1498,1991-07-18,1.1589,1991,7,18
1499,1991-07-17,1.1469,1991,7,17
1500,1991-07-16,1.1412,1991,7,16
1501,1991-07-15,1.1474,1991,7,15
1502,1991-07-12,1.1484,1991,7,12
1503,1991-07-11,1.121,1991,7,11
1504,1991-07-10,1.1335,1991,7,10
1505,1991-07-09,1.1305,1991,7,9
1506,1991-07-08,1.1364,1991,7,8
1507,1991-07-05,1.1264,1991,7,5
1508,1991-07-04,1.121,1991,7,4
1509,1991-07-03,1.1234,1991,7,3
1510,1991-07-02,1.1209,1991,7,2
1511,1991-07-01,1.1246,1991,7,1
1512,1991-06-28,1.1355,1991,6,28
1513,1991-06-27,1.1429,1991,6,27
1514,1991-06-26,1.1489,1991,6,26
1515,1991-06-25,1.1445,1991,6,25
1516,1991-06-24,1.1519,1991,6,24
1517,1991-06-21,1.1385,1991,6,21
1518,1991-06-20,1.1444,1991,6,20
1519,1991-06-19,1.145,1991,6,19
1520,1991-06-18,1.1305,1991,6,18
1521,1991-06-17,1.1444,1991,6,17
1522,1991-06-14,1.1429,1991,6,14
1523,1991-06-13,1.1441,1991,6,13
1524,1991-06-12,1.15,1991,6,12
1525,1991-06-11,1.1595,1991,6,11
1526,1991-06-10,1.1644,1991,6,10
1527,1991-06-07,1.162,1991,6,7
1528,1991-06-06,1.1748,1991,6,6
1529,1991-06-05,1.1784,1991,6,5
1530,1991-06-04,1.1797,1991,6,4
1531,1991-06-03,1.1776,1991,6,3
1532,1991-05-31,1.1804,1991,5,31
1533,1991-05-30,1.1949,1991,5,30
1534,1991-05-29,1.1974,1991,5,29
1535,1991-05-28,1.2109,1991,5,28
1536,1991-05-27,1.2045,1991,5,27
1537,1991-05-24,1.205,1991,5,24
1538,1991-05-23,1.198,1991,5,23
1539,1991-05-22,1.1934,1991,5,22
1540,1991-05-21,1.1989,1991,5,21
1541,1991-05-20,1.1895,1991,5,20
1542,1991-05-17,1.19,1991,5,17
1543,1991-05-16,1.2134,1991,5,16
1544,1991-05-15,1.2208,1991,5,15
1545,1991-05-14,1.214,1991,5,14
1546,1991-05-13,1.201,1991,5,13
1547,1991-05-10,1.1948,1991,5,10
1548,1991-05-09,1.2,1991,5,9
1549,1991-05-08,1.2002,1991,5,8
1550,1991-05-07,1.198,1991,5,7
1551,1991-05-06,1.1874,1991,5,6
1552,1991-05-03,1.1744,1991,5,3
1553,1991-05-02,1.1905,1991,5,2
1554,1991-05-01,1.2045,1991,5,1
1555,1991-04-30,1.1986,1991,4,30
1556,1991-04-29,1.177,1991,4,29
1557,1991-04-26,1.1764,1991,4,26
1558,1991-04-25,1.178,1991,4,25
1559,1991-04-24,1.1765,1991,4,24
1560,1991-04-23,1.184,1991,4,23
1561,1991-04-22,1.17,1991,4,22
1562,1991-04-19,1.1906,1991,4,19
1563,1991-04-18,1.2225,1991,4,18
1564,1991-04-17,1.236,1991,4,17
1565,1991-04-16,1.2375,1991,4,16
1566,1991-04-15,1.2345,1991,4,15
1567,1991-04-12,1.2275,1991,4,12
1568,1991-04-11,1.2367,1991,4,11
1569,1991-04-10,1.2272,1991,4,10
1570,1991-04-09,1.2345,1991,4,9
1571,1991-04-08,1.2212,1991,4,8
1572,1991-04-05,1.2297,1991,4,5
1573,1991-04-04,1.2325,1991,4,4
1574,1991-04-03,1.2305,1991,4,3
1575,1991-04-02,1.2252,1991,4,2
1576,1991-04-01,1.2119,1991,4,1
1577,1991-03-29,1.2119,1991,3,29
1578,1991-03-28,1.205,1991,3,28
1579,1991-03-27,1.2095,1991,3,27
1580,1991-03-26,1.2195,1991,3,26
1581,1991-03-25,1.2323,1991,3,25
1582,1991-03-22,1.2517,1991,3,22
1583,1991-03-21,1.2548,1991,3,21
1584,1991-03-20,1.2455,1991,3,20
1585,1991-03-19,1.2405,1991,3,19
1586,1991-03-18,1.2645,1991,3,18
1587,1991-03-15,1.284,1991,3,15
1588,1991-03-14,1.3013,1991,3,14
1589,1991-03-13,1.3018,1991,3,13
1590,1991-03-12,1.3065,1991,3,12
1591,1991-03-11,1.3022,1991,3,11
1592,1991-03-08,1.3148,1991,3,8
1593,1991-03-07,1.3281,1991,3,7
1594,1991-03-06,1.3352,1991,3,6
1595,1991-03-05,1.3375,1991,3,5
1596,1991-03-04,1.3388,1991,3,4
1597,1991-03-01,1.3365,1991,3,1
1598,1991-02-28,1.3457,1991,2,28
1599,1991-02-27,1.3515,1991,2,27
1600,1991-02-26,1.3493,1991,2,26
1601,1991-02-25,1.353,1991,2,25
1602,1991-02-22,1.3692,1991,2,22
1603,1991-02-21,1.3822,1991,2,21
1604,1991-02-20,1.3765,1991,2,20
1605,1991-02-19,1.3819,1991,2,19
1606,1991-02-18,1.3871,1991,2,18
1607,1991-02-15,1.3915,1991,2,15
1608,1991-02-14,1.3991,1991,2,14
1609,1991-02-13,1.4095,1991,2,13
1610,1991-02-12,1.4125,1991,2,12
1611,1991-02-11,1.4186,1991,2,11
1612,1991-02-08,1.4085,1991,2,8
1613,1991-02-07,1.4185,1991,2,7
1614,1991-02-06,1.4159,1991,2,6
1615,1991-02-05,1.4075,1991,2,5
1616,1991-02-04,1.4015,1991,2,4
1617,1991-02-01,1.4003,1991,2,1
1618,1991-01-31,1.3932,1991,1,31
1619,1991-01-30,1.384,1991,1,30
1620,1991-01-29,1.3874,1991,1,29
1621,1991-01-28,1.384,1991,1,28
1622,1991-01-25,1.383,1991,1,25
1623,1991-01-24,1.3861,1991,1,24
1624,1991-01-23,1.3842,1991,1,23
1625,1991-01-22,1.3786,1991,1,22
1626,1991-01-21,1.3812,1991,1,21
1627,1991-01-18,1.3738,1991,1,18
1628,1991-01-17,1.3624,1991,1,17
1629,1991-01-16,1.3363,1991,1,16
1630,1991-01-15,1.3373,1991,1,15
1631,1991-01-14,1.3423,1991,1,14
1632,1991-01-11,1.3462,1991,1,11
1633,1991-01-10,1.3531,1991,1,10
1634,1991-01-09,1.3635,1991,1,9
1635,1991-01-08,1.3432,1991,1,8
1636,1991-01-07,1.3465,1991,1,7
1637,1991-01-04,1.3675,1991,1,4
1638,1991-01-03,1.3777,1991,1,3
1639,1991-01-02,1.3773,1991,1,2
1640,1990-12-31,1.367,1990,12,31
1641,1990-12-28,1.3574,1990,12,28
1642,1990-12-27,1.3405,1990,12,27
1643,1990-12-26,1.3339,1990,12,26
1644,1990-12-25,1.3339,1990,12,25
1645,1990-12-24,1.3339,1990,12,24
1646,1990-12-21,1.3405,1990,12,21
1647,1990-12-20,1.3638,1990,12,20
1648,1990-12-19,1.3832,1990,12,19
1649,1990-12-18,1.3784,1990,12,18
1650,1990-12-17,1.3775,1990,12,17
1651,1990-12-14,1.384,1990,12,14
1652,1990-12-13,1.3869,1990,12,13
1653,1990-12-12,1.3868,1990,12,12
1654,1990-12-11,1.3881,1990,12,11
1655,1990-12-10,1.3944,1990,12,10
1656,1990-12-07,1.3893,1990,12,7
1657,1990-12-06,1.3792,1990,12,6
1658,1990-12-05,1.3698,1990,12,5
1659,1990-12-04,1.3698,1990,12,4
1660,1990-12-03,1.3615,1990,12,3
1661,1990-11-30,1.371,1990,11,30
1662,1990-11-29,1.3876,1990,11,29
1663,1990-11-28,1.3901,1990,11,28
1664,1990-11-27,1.3942,1990,11,27
1665,1990-11-26,1.3832,1990,11,26
1666,1990-11-23,1.3888,1990,11,23
1667,1990-11-22,1.3956,1990,11,22
1668,1990-11-21,1.3929,1990,11,21
1669,1990-11-20,1.3967,1990,11,20
1670,1990-11-19,1.3985,1990,11,19
1671,1990-11-16,1.3985,1990,11,16
1672,1990-11-15,1.3927,1990,11,15
1673,1990-11-14,1.3918,1990,11,14
1674,1990-11-13,1.3921,1990,11,13
1675,1990-11-12,1.3915,1990,11,12
1676,1990-11-09,1.387,1990,11,9
1677,1990-11-08,1.3882,1990,11,8
1678,1990-11-07,1.3925,1990,11,7
1679,1990-11-06,1.3914,1990,11,6
1680,1990-11-05,1.3897,1990,11,5
1681,1990-11-02,1.3765,1990,11,2
1682,1990-11-01,1.374,1990,11,1
1683,1990-10-31,1.368,1990,10,31
1684,1990-10-30,1.3648,1990,10,30
1685,1990-10-29,1.3662,1990,10,29
1686,1990-10-26,1.3668,1990,10,26
1687,1990-10-25,1.369,1990,10,25
1688,1990-10-24,1.3733,1990,10,24
1689,1990-10-23,1.3645,1990,10,23
1690,1990-10-22,1.3639,1990,10,22
1691,1990-10-19,1.376,1990,10,19
1692,1990-10-18,1.3685,1990,10,18
1693,1990-10-17,1.3674,1990,10,17
1694,1990-10-16,1.3685,1990,10,16
1695,1990-10-15,1.361,1990,10,15
1696,1990-10-12,1.363,1990,10,12
1697,1990-10-11,1.3618,1990,10,11
1698,1990-10-10,1.3565,1990,10,10
1699,1990-10-09,1.36,1990,10,9
1700,1990-10-08,1.3497,1990,10,8
1701,1990-10-05,1.3357,1990,10,5
1702,1990-10-04,1.344,1990,10,4
1703,1990-10-03,1.339,1990,10,3
1704,1990-10-02,1.3302,1990,10,2
1705,1990-10-01,1.3285,1990,10,1
1706,1990-09-28,1.3155,1990,9,28
1707,1990-09-27,1.3125,1990,9,27
1708,1990-09-26,1.3169,1990,9,26
1709,1990-09-25,1.3265,1990,9,25
1710,1990-09-24,1.3304,1990,9,24
1711,1990-09-21,1.3137,1990,9,21
1712,1990-09-20,1.3131,1990,9,20
1713,1990-09-19,1.3215,1990,9,19
1714,1990-09-18,1.3365,1990,9,18
1715,1990-09-17,1.3342,1990,9,17
1716,1990-09-14,1.3186,1990,9,14
1717,1990-09-13,1.3015,1990,9,13
1718,1990-09-12,1.3054,1990,9,12
1719,1990-09-11,1.3035,1990,9,11
1720,1990-09-10,1.3088,1990,9,10
1721,1990-09-07,1.321,1990,9,7
1722,1990-09-06,1.3291,1990,9,6
1723,1990-09-05,1.3235,1990,9,5
1724,1990-09-04,1.3087,1990,9,4
1725,1990-09-03,1.3083,1990,9,3
1726,1990-08-31,1.316,1990,8,31
1727,1990-08-30,1.3268,1990,8,30
1728,1990-08-29,1.3367,1990,8,29
1729,1990-08-28,1.338,1990,8,28
1730,1990-08-27,1.3403,1990,8,27
1731,1990-08-24,1.3388,1990,8,24
1732,1990-08-23,1.3335,1990,8,23
1733,1990-08-22,1.3279,1990,8,22
1734,1990-08-21,1.3224,1990,8,21
1735,1990-08-20,1.331,1990,8,20
1736,1990-08-17,1.337,1990,8,17
1737,1990-08-16,1.3265,1990,8,16
1738,1990-08-15,1.3305,1990,8,15
1739,1990-08-14,1.3245,1990,8,14
1740,1990-08-13,1.3182,1990,8,13
1741,1990-08-10,1.305,1990,8,10
1742,1990-08-09,1.3045,1990,8,9
1743,1990-08-08,1.3048,1990,8,8
1744,1990-08-07,1.3121,1990,8,7
1745,1990-08-06,1.3157,1990,8,6
1746,1990-08-03,1.2995,1990,8,3
1747,1990-08-02,1.3009,1990,8,2
1748,1990-08-01,1.3005,1990,8,1
1749,1990-07-31,1.3047,1990,7,31
1750,1990-07-30,1.2877,1990,7,30
1751,1990-07-27,1.2835,1990,7,27
1752,1990-07-26,1.2765,1990,7,26
1753,1990-07-25,1.2775,1990,7,25
1754,1990-07-24,1.2771,1990,7,24
1755,1990-07-23,1.274,1990,7,23
1756,1990-07-20,1.2624,1990,7,20
1757,1990-07-19,1.263,1990,7,19
1758,1990-07-18,1.2615,1990,7,18
1759,1990-07-17,1.258,1990,7,17
1760,1990-07-16,1.2534,1990,7,16
1761,1990-07-13,1.2603,1990,7,13
1762,1990-07-12,1.2475,1990,7,12
1763,1990-07-11,1.254,1990,7,11
1764,1990-07-10,1.2605,1990,7,10
1765,1990-07-09,1.2565,1990,7,9
1766,1990-07-06,1.2511,1990,7,6
1767,1990-07-05,1.2535,1990,7,5
1768,1990-07-04,1.2561,1990,7,4
1769,1990-07-03,1.2506,1990,7,3
1770,1990-07-02,1.2465,1990,7,2
1771,1990-06-29,1.2365,1990,6,29
1772,1990-06-28,1.2374,1990,6,28
1773,1990-06-27,1.2395,1990,6,27
1774,1990-06-26,1.235,1990,6,26
1775,1990-06-25,1.2302,1990,6,25
1776,1990-06-22,1.232,1990,6,22
1777,1990-06-21,1.2307,1990,6,21
1778,1990-06-20,1.2306,1990,6,20
1779,1990-06-19,1.2344,1990,6,19
1780,1990-06-18,1.2305,1990,6,18
1781,1990-06-15,1.2184,1990,6,15
1782,1990-06-14,1.2248,1990,6,14
1783,1990-06-13,1.2167,1990,6,13
1784,1990-06-12,1.2195,1990,6,12
1785,1990-06-11,1.2138,1990,6,11
1786,1990-06-08,1.2113,1990,6,8
1787,1990-06-07,1.2136,1990,6,7
1788,1990-06-06,1.217,1990,6,6
1789,1990-06-05,1.2188,1990,6,5
1790,1990-06-04,1.2167,1990,6,4
1791,1990-06-01,1.2096,1990,6,1
1792,1990-05-31,1.2117,1990,5,31
1793,1990-05-30,1.2201,1990,5,30
1794,1990-05-29,1.227,1990,5,29
1795,1990-05-28,1.2241,1990,5,28
1796,1990-05-25,1.2211,1990,5,25
1797,1990-05-24,1.2192,1990,5,24
1798,1990-05-23,1.2253,1990,5,23
1799,1990-05-22,1.2283,1990,5,22
1800,1990-05-21,1.2329,1990,5,21
1801,1990-05-18,1.2416,1990,5,18
1802,1990-05-17,1.2416,1990,5,17
1803,1990-05-16,1.2417,1990,5,16
1804,1990-05-15,1.2418,1990,5,15
1805,1990-05-14,1.2448,1990,5,14
1806,1990-05-11,1.2458,1990,5,11
1807,1990-05-10,1.2526,1990,5,10
1808,1990-05-09,1.2495,1990,5,9
1809,1990-05-08,1.2354,1990,5,8
1810,1990-05-07,1.2365,1990,5,7
1811,1990-05-04,1.2296,1990,5,4
1812,1990-05-03,1.217,1990,5,3
1813,1990-05-02,1.2155,1990,5,2
1814,1990-05-01,1.2184,1990,5,1
1815,1990-04-30,1.2188,1990,4,30
1816,1990-04-27,1.2186,1990,4,27
1817,1990-04-26,1.2176,1990,4,26
1818,1990-04-25,1.219,1990,4,25
1819,1990-04-24,1.2056,1990,4,24
1820,1990-04-23,1.2047,1990,4,23
1821,1990-04-20,1.2119,1990,4,20
1822,1990-04-19,1.2167,1990,4,19
1823,1990-04-18,1.221,1990,4,18
1824,1990-04-17,1.2175,1990,4,17
1825,1990-04-16,1.2171,1990,4,16
1826,1990-04-13,1.221,1990,4,13
1827,1990-04-12,1.2218,1990,4,12
1828,1990-04-11,1.2222,1990,4,11
1829,1990-04-10,1.221,1990,4,10
1830,1990-04-09,1.2086,1990,4,9
1831,1990-04-06,1.2068,1990,4,6
1832,1990-04-05,1.2037,1990,4,5
1833,1990-04-04,1.2037,1990,4,4
1834,1990-04-03,1.205,1990,4,3
1835,1990-04-02,1.2018,1990,4,2
1836,1990-03-30,1.2065,1990,3,30
1837,1990-03-29,1.2073,1990,3,29
1838,1990-03-28,1.1959,1990,3,28
1839,1990-03-27,1.194,1990,3,27
1840,1990-03-26,1.1964,1990,3,26
1841,1990-03-23,1.1915,1990,3,23
1842,1990-03-22,1.1968,1990,3,22
1843,1990-03-21,1.1902,1990,3,21
1844,1990-03-20,1.1942,1990,3,20
