,Unnamed: 0,year,month,day,XAU_Price
0,173,2009,1,10,"5,718.74"
1,172,2009,1,11,"6,450.81"
2,171,2009,1,12,"6,012.39"
3,170,2010,1,1,"5,910.95"
4,169,2010,1,2,"6,128.49"
5,168,2010,1,3,"6,132.59"
6,167,2010,1,4,"6,555.45"
7,166,2010,1,5,"6,884.35"
8,165,2010,1,6,"7,076.43"
9,164,2010,1,7,"6,732.31"
10,163,2010,1,8,"7,118.60"
11,162,2010,1,9,"7,454.98"
12,161,2010,1,10,"7,851.06"
13,160,2010,1,11,"8,018.89"
14,159,2010,1,12,"8,251.52"
15,158,2011,1,1,"7,799.73"
16,157,2011,1,2,"8,315.11"
17,156,2011,1,3,"8,563.68"
18,155,2011,1,4,"9,295.60"
19,154,2011,1,5,"9,106.57"
20,153,2011,1,6,"8,948.11"
21,152,2011,1,7,"9,685.29"
22,151,2011,1,8,"10,851.37"
23,150,2011,1,9,"9,681.06"
24,149,2011,1,10,"10,221.25"
25,148,2011,1,11,"10,478.98"
26,147,2011,1,12,"9,425.38"
27,146,2012,1,1,"10,479.46"
28,145,2012,1,2,"10,220.42"
29,144,2012,1,3,"10,073.14"
30,143,2012,1,4,"10,057.67"
31,142,2012,1,5,"9,421.09"
32,141,2012,1,6,"9,676.22"
33,140,2012,1,7,"9,797.93"
34,139,2012,1,8,"10,311.82"
35,138,2012,1,9,"10,791.25"
36,137,2012,1,10,"10,508.83"
37,136,2012,1,11,"10,475.60"
38,135,2012,1,12,"10,624.50"
39,134,2013,1,1,"11,167.85"
40,133,2013,1,2,"10,646.98"
41,132,2013,1,3,"10,867.72"
42,131,2013,1,4,"10,241.17"
43,130,2013,1,5,"9,689.46"
44,129,2013,1,6,"8,665.68"
45,128,2013,1,7,"9,252.83"
46,127,2013,1,8,"9,749.73"
47,126,2013,1,9,"9,151.50"
48,125,2013,1,10,"9,108.39"
49,124,2013,1,11,"8,613.69"
50,123,2013,1,12,"8,373.29"
51,122,2014,1,1,"8,652.50"
52,121,2014,1,2,"9,225.23"
53,120,2014,1,3,"8,941.89"
54,119,2014,1,4,"9,047.38"
55,118,2014,1,5,"8,932.87"
56,117,2014,1,6,"9,488.05"
57,116,2014,1,7,"9,168.45"
58,115,2014,1,8,"9,201.19"
59,114,2014,1,9,"8,636.13"
60,113,2014,1,10,"8,386.24"
61,112,2014,1,11,"8,344.34"
62,111,2014,1,12,"8,463.46"
63,110,2015,1,1,"9,741.61"
64,109,2015,1,2,"9,253.66"
65,108,2015,1,3,"9,021.90"
66,107,2015,1,4,"9,033.54"
67,106,2015,1,5,"9,077.41"
68,105,2015,1,6,"8,937.71"
69,104,2015,1,7,"8,576.98"
70,103,2015,1,8,"8,884.31"
71,102,2015,1,9,"8,727.00"
72,101,2015,1,10,"9,170.26"
73,100,2015,1,11,"8,333.94"
74,99,2015,1,12,"8,302.15"
75,98,2016,1,1,"8,751.12"
76,97,2016,1,2,"9,695.89"
77,96,2016,1,3,"10,939.59"
78,95,2016,1,4,"11,484.91"
79,94,2016,1,5,"10,786.33"
80,93,2016,1,6,"11,737.27"
81,92,2016,1,7,"11,991.06"
82,91,2016,1,8,"11,618.73"
83,90,2016,1,9,"11,684.17"
84,89,2016,1,10,"11,342.12"
85,88,2016,1,11,"20,962.38"
86,87,2016,1,12,"20,883.00"
87,86,2017,1,1,"22,626.07"
88,85,2017,1,2,"19,705.45"
89,84,2017,1,3,"22,476.96"
90,83,2017,1,4,"22,817.70"
91,82,2017,1,5,"22,889.02"
92,81,2017,1,6,"22,428.48"
93,80,2017,1,7,"22,692.58"
94,79,2017,1,8,"23,246.94"
95,78,2017,1,9,"22,549.83"
96,77,2017,1,10,"22,373.12"
97,76,2017,1,11,"22,493.51"
98,75,2017,1,12,"23,092.44"
99,74,2018,1,1,"23,705.30"
100,73,2018,1,2,"23,205.40"
101,72,2018,1,3,"23,275.92"
102,71,2018,1,4,"23,182.57"
103,70,2018,1,5,"23,173.35"
104,69,2018,1,6,"22,340.14"
105,68,2018,1,7,"21,801.17"
106,67,2018,1,8,"21,348.62"
107,66,2018,1,9,"21,200.16"
108,65,2018,1,10,"21,681.68"
109,64,2018,1,11,"21,822.78"
110,63,2018,1,12,"22,899.56"
111,62,2019,1,1,"23,295.40"
112,61,2019,1,2,"22,927.95"
113,60,2019,1,3,"22,324.03"
114,59,2019,1,4,"21,970.95"
115,58,2019,1,5,"21,826.29"
116,57,2019,1,6,"23,464.01"
117,56,2019,1,7,"23,324.57"
118,55,2019,1,8,"25,082.75"
119,54,2019,1,9,"23,892.99"
120,53,2019,1,10,"24,340.31"
121,52,2019,1,11,"23,561.51"
122,51,2019,1,12,"24,272.16"
123,50,2020,1,1,"25,039.58"
124,49,2020,1,2,"24,714.02"
125,48,2020,1,3,"24,654.48"
126,47,2020,1,4,"26,467.81"
127,46,2020,1,5,"27,309.02"
128,45,2020,1,6,"28,677.25"
129,44,2020,1,7,"31,442.04"
130,43,2020,1,8,"31,123.94"
131,42,2020,1,9,"29,659.90"
132,41,2020,1,10,"29,398.37"
133,40,2020,1,11,"27,732.57"
134,39,2020,1,12,"29,781.03"
135,38,2021,1,1,"28,909.77"
136,37,2021,1,2,"27,129.12"
137,36,2021,1,3,"26,761.30"
138,35,2021,1,4,"27,607.69"
139,34,2021,1,5,"29,877.84"
140,33,2021,1,6,"27,713.35"
141,32,2021,1,7,"28,418.96"
142,31,2021,1,8,"28,367.50"
143,30,2021,1,9,"27,556.19"
144,29,2021,1,10,"27,918.78"
145,28,2021,1,11,"27,917.45"
146,27,2021,1,12,"28,632.59"
147,26,2022,1,1,"28,137.40"
148,25,2022,1,2,"29,883.82"
149,24,2022,1,3,"35,294.92"
150,23,2022,1,4,"34,989.25"
151,22,2022,1,5,"34,129.42"
152,21,2022,1,6,"33,888.67"
153,20,2022,1,7,"33,316.61"
154,19,2022,1,8,"32,846.99"
155,18,2022,1,9,"32,349.31"
156,17,2022,1,10,"39,437.65"
157,16,2022,1,11,"43,312.57"
158,15,2022,1,12,"45,135.66"
159,14,2023,1,1,"58,066.23"
160,13,2023,1,2,"55,862.77"
161,12,2023,1,3,"60,537.22"
162,11,2023,1,4,"61,372.99"
163,10,2023,1,5,"60,512.46"
164,9,2023,1,6,"59,219.35"
165,8,2023,1,7,"60,607.60"
166,7,2023,1,8,"59,838.05"
167,6,2023,1,9,"57,020.47"
168,5,2023,1,10,"61,283.67"
169,4,2023,1,11,"62,819.97"
170,3,2023,1,12,"63,734.03"
171,2,2024,1,1,"62,926.11"
172,1,2024,1,2,"63,050.27"
173,0,2024,1,3,"101,139.67"
174,1617,2018,2,5,"23,549.41"
175,1616,2018,2,6,"23,661.17"
176,1615,2018,2,7,"23,371.58"
177,1614,2018,2,8,"23,296.90"
178,1613,2018,2,9,"23,316.30"
179,1612,2018,2,12,"23,250.25"
180,1611,2018,2,13,"23,461.24"
181,1610,2018,2,14,"23,540.42"
182,1609,2018,2,15,"23,920.94"
183,1608,2018,2,16,"23,878.71"
184,1607,2018,2,19,"23,783.44"
185,1606,2018,2,20,"23,761.40"
186,1605,2018,2,21,"23,554.84"
187,1604,2018,2,22,"23,449.33"
188,1603,2018,2,23,"23,545.29"
189,1602,2018,2,26,"23,379.08"
190,1601,2018,2,27,"23,543.04"
191,1600,2018,2,28,"23,276.27"
192,1599,2018,3,1,"23,281.22"
193,1598,2018,3,2,"23,233.29"
194,1597,2018,3,5,"23,352.94"
195,1596,2018,3,6,"23,265.31"
196,1595,2018,3,7,"23,531.72"
197,1594,2018,3,8,"23,361.01"
198,1593,2018,3,9,"23,278.46"
199,1592,2018,3,12,"23,310.26"
200,1591,2018,3,13,"23,314.79"
201,1590,2018,3,14,"23,391.37"
202,1589,2018,3,15,"23,342.01"
203,1588,2018,3,16,"23,220.49"
204,1587,2018,3,19,"23,165.01"
205,1586,2018,3,20,"23,218.44"
206,1585,2018,3,21,"23,118.84"
207,1584,2018,3,22,"23,466.48"
208,1583,2018,3,23,"23,428.03"
209,1582,2018,3,26,"23,743.66"
210,1581,2018,3,27,"23,916.10"
211,1580,2018,3,28,"23,738.19"
212,1579,2018,3,29,"23,397.02"
213,1578,2018,3,30,"23,359.80"
214,1577,2018,4,2,"23,454.61"
215,1576,2018,4,3,"23,662.87"
216,1575,2018,4,4,"23,457.63"
217,1574,2018,4,5,"23,574.19"
218,1573,2018,4,6,"23,457.44"
219,1572,2018,4,9,"23,576.82"
220,1571,2018,4,10,"23,649.43"
221,1570,2018,4,11,"23,682.61"
222,1569,2018,4,12,"23,874.38"
223,1568,2018,4,13,"23,519.03"
224,1567,2018,4,16,"23,785.62"
225,1566,2018,4,17,"23,818.19"
226,1565,2018,4,18,"23,850.84"
227,1564,2018,4,19,"23,896.45"
228,1563,2018,4,20,"23,797.74"
229,1562,2018,4,23,"23,629.99"
230,1561,2018,4,24,"23,414.49"
231,1560,2018,4,25,"23,549.55"
232,1559,2018,4,26,"23,412.92"
233,1558,2018,4,27,"23,318.23"
234,1557,2018,4,30,"23,358.17"
235,1556,2018,5,1,"23,226.20"
236,1555,2018,5,2,"23,061.56"
237,1554,2018,5,3,"23,036.80"
238,1553,2018,5,4,"23,136.01"
239,1552,2018,5,7,"23,236.49"
240,1551,2018,5,8,"23,276.43"
241,1550,2018,5,9,"23,259.44"
242,1549,2018,5,10,"23,343.15"
243,1548,2018,5,11,"23,391.74"
244,1547,2018,5,14,"23,483.29"
245,1546,2018,5,15,"23,409.96"
246,1545,2018,5,16,"23,019.42"
247,1544,2018,5,17,"23,085.38"
248,1543,2018,5,18,"22,999.06"
249,1542,2018,5,21,"23,132.94"
250,1541,2018,5,22,"23,154.90"
251,1540,2018,5,23,"23,143.82"
252,1539,2018,5,24,"23,177.09"
253,1538,2018,5,25,"23,375.44"
254,1537,2018,5,28,"23,273.50"
255,1536,2018,5,29,"23,259.51"
256,1535,2018,5,30,"23,278.58"
257,1534,2018,5,31,"23,300.74"
258,1533,2018,6,1,"23,257.04"
259,1532,2018,6,4,"23,166.48"
260,1531,2018,6,5,"23,132.88"
261,1530,2018,6,6,"23,179.25"
262,1529,2018,6,7,"23,173.11"
263,1528,2018,6,8,"23,159.90"
264,1527,2018,6,11,"23,216.31"
265,1526,2018,6,12,"23,180.44"
266,1525,2018,6,13,"23,112.96"
267,1524,2018,6,14,"23,264.19"
268,1523,2018,6,15,"23,242.31"
269,1522,2018,6,18,"22,832.99"
270,1521,2018,6,19,"22,806.72"
271,1520,2018,6,20,"22,786.29"
272,1519,2018,6,21,"22,698.69"
273,1518,2018,6,22,"22,653.92"
274,1517,2018,6,25,"22,837.82"
275,1516,2018,6,26,"22,643.50"
276,1515,2018,6,27,"22,509.08"
277,1514,2018,6,28,"22,396.60"
278,1513,2018,6,29,"22,338.25"
279,1512,2018,7,2,"22,393.51"
280,1511,2018,7,3,"22,260.82"
281,1510,2018,7,4,"22,456.12"
282,1509,2018,7,5,"22,486.00"
283,1508,2018,7,6,"22,504.88"
284,1507,2018,7,9,"22,419.67"
285,1506,2018,7,10,"22,564.66"
286,1505,2018,7,11,"22,484.37"
287,1504,2018,7,12,"22,233.06"
288,1503,2018,7,13,"22,330.15"
289,1502,2018,7,16,"22,252.33"
290,1501,2018,7,17,"22,203.81"
291,1500,2018,7,18,"21,976.38"
292,1499,2018,7,19,"21,970.61"
293,1498,2018,7,20,"21,900.82"
294,1497,2018,7,23,"22,051.97"
295,1496,2018,7,24,"21,953.06"
296,1495,2018,7,25,"21,915.62"
297,1494,2018,7,26,"22,039.96"
298,1493,2018,7,27,"21,889.48"
299,1492,2018,7,30,"21,880.43"
300,1491,2018,7,31,"21,881.29"
301,1490,2018,8,1,"21,872.60"
302,1489,2018,8,2,"21,714.32"
303,1488,2018,8,3,"21,592.49"
304,1487,2018,8,6,"21,683.53"
305,1486,2018,8,7,"21,593.42"
306,1485,2018,8,8,"21,611.16"
307,1484,2018,8,9,"21,728.65"
308,1483,2018,8,10,"21,628.73"
309,1482,2018,8,13,"21,638.58"
310,1481,2018,8,14,"21,405.50"
311,1480,2018,8,15,"21,374.72"
312,1479,2018,8,16,"21,045.51"
313,1478,2018,8,17,"21,010.17"
314,1477,2018,8,20,"21,207.98"
315,1476,2018,8,21,"21,354.10"
316,1475,2018,8,22,"21,374.56"
317,1474,2018,8,23,"21,368.97"
318,1473,2018,8,24,"21,182.63"
319,1472,2018,8,27,"21,604.20"
320,1471,2018,8,28,"21,684.45"
321,1470,2018,8,29,"21,494.40"
322,1469,2018,8,30,"21,586.18"
323,1468,2018,8,31,"21,402.12"
324,1467,2018,9,3,"21,436.62"
325,1466,2018,9,4,"21,599.31"
326,1465,2018,9,5,"21,337.54"
327,1464,2018,9,6,"21,441.74"
328,1463,2018,9,7,"21,468.27"
329,1462,2018,9,10,"21,464.36"
330,1461,2018,9,11,"21,331.99"
331,1460,2018,9,12,"21,389.36"
332,1459,2018,9,13,"21,604.47"
333,1458,2018,9,14,"21,559.18"
334,1457,2018,9,17,"21,465.53"
335,1456,2018,9,18,"21,538.65"
336,1455,2018,9,19,"21,453.55"
337,1454,2018,9,20,"21,554.69"
338,1453,2018,9,21,"21,620.40"
339,1452,2018,9,24,"21,504.40"
340,1451,2018,9,25,"21,477.34"
341,1450,2018,9,26,"21,523.76"
342,1449,2018,9,27,"21,386.37"
343,1448,2018,9,28,"21,215.38"
344,1447,2018,10,1,"21,441.74"
345,1446,2018,10,2,"21,299.28"
346,1445,2018,10,3,"21,552.44"
347,1444,2018,10,4,"21,444.67"
348,1443,2018,10,5,"21,457.37"
349,1442,2018,10,8,"21,523.53"
350,1441,2018,10,9,"21,295.22"
351,1440,2018,10,10,"21,305.84"
352,1439,2018,10,11,"21,379.64"
353,1438,2018,10,12,"21,924.72"
354,1437,2018,10,15,"21,878.04"
355,1436,2018,10,16,"22,002.13"
356,1435,2018,10,17,"21,927.51"
357,1434,2018,10,18,"21,898.15"
358,1433,2018,10,19,"21,957.65"
359,1432,2018,10,22,"21,912.85"
360,1431,2018,10,23,"21,885.94"
361,1430,2018,10,24,"22,056.35"
362,1429,2018,10,25,"22,104.63"
363,1428,2018,10,26,"22,069.59"
364,1427,2018,10,29,"22,119.56"
365,1426,2018,10,30,"22,048.83"
366,1425,2018,10,31,"21,909.45"
367,1424,2018,11,1,"21,753.99"
368,1423,2018,11,2,"22,101.62"
369,1422,2018,11,5,"22,111.58"
370,1421,2018,11,6,"22,039.92"
371,1420,2018,11,7,"22,026.08"
372,1419,2018,11,8,"21,973.11"
373,1418,2018,11,9,"21,911.92"
374,1417,2018,11,12,"21,671.29"
375,1416,2018,11,13,"21,503.65"
376,1415,2018,11,14,"21,530.41"
377,1414,2018,11,15,"21,687.99"
378,1413,2018,11,16,"21,731.51"
379,1412,2018,11,19,"21,979.36"
380,1411,2018,11,20,"21,911.72"
381,1410,2018,11,21,"21,822.29"
382,1409,2018,11,22,"22,083.49"
383,1408,2018,11,23,"21,956.76"
384,1407,2018,11,26,"21,789.17"
385,1406,2018,11,27,"21,992.43"
386,1405,2018,11,28,"21,774.19"
387,1404,2018,11,29,"21,872.94"
388,1403,2018,11,30,"21,918.62"
389,1402,2018,12,3,"21,930.54"
390,1401,2018,12,4,"22,047.35"
391,1400,2018,12,5,"22,160.92"
392,1399,2018,12,6,"22,232.33"
393,1398,2018,12,7,"22,174.90"
394,1397,2018,12,10,"22,469.42"
395,1396,2018,12,11,"22,285.70"
396,1395,2018,12,12,"22,263.53"
397,1394,2018,12,13,"22,302.64"
398,1393,2018,12,14,"22,198.14"
399,1392,2018,12,17,"22,273.87"
400,1391,2018,12,18,"22,321.62"
401,1390,2018,12,19,"22,375.12"
402,1389,2018,12,20,"22,264.86"
403,1388,2018,12,21,"22,564.08"
404,1387,2018,12,24,"22,676.56"
405,1386,2018,12,25,"22,768.21"
406,1385,2018,12,26,"22,758.98"
407,1384,2018,12,27,"22,698.28"
408,1383,2018,12,28,"22,813.25"
409,1382,2018,12,31,"23,057.52"
410,1381,2019,1,1,"22,971.66"
411,1380,2019,1,2,"22,953.84"
412,1379,2019,1,3,"23,091.69"
413,1378,2019,1,4,"23,168.66"
414,1377,2019,1,7,"23,050.65"
415,1376,2019,1,8,"23,078.39"
416,1375,2019,1,9,"23,051.35"
417,1374,2019,1,10,"23,153.22"
418,1373,2019,1,11,"23,064.69"
419,1372,2019,1,14,"23,061.30"
420,1371,2019,1,15,"23,131.60"
421,1370,2019,1,16,"23,080.41"
422,1369,2019,1,17,"23,206.19"
423,1368,2019,1,18,"23,117.65"
424,1367,2019,1,21,"22,974.46"
425,1366,2019,1,22,"22,958.63"
426,1365,2019,1,23,"23,029.69"
427,1364,2019,1,24,"22,950.14"
428,1363,2019,1,25,"22,910.71"
429,1362,2019,1,28,"23,068.10"
430,1361,2019,1,29,"23,018.54"
431,1360,2019,1,30,"23,141.24"
432,1359,2019,1,31,"23,338.29"
433,1358,2019,2,1,"23,349.67"
434,1357,2019,2,4,"23,292.69"
435,1356,2019,2,5,"23,200.28"
436,1355,2019,2,6,"23,144.38"
437,1354,2019,2,7,"22,995.74"
438,1353,2019,2,8,"23,051.56"
439,1352,2019,2,11,"23,212.46"
440,1351,2019,2,12,"23,017.10"
441,1350,2019,2,13,"23,055.44"
442,1349,2019,2,14,"22,983.29"
443,1348,2019,2,15,"23,024.87"
444,1347,2019,2,18,"23,213.71"
445,1346,2019,2,19,"23,274.33"
446,1345,2019,2,20,"23,518.26"
447,1344,2019,2,21,"23,509.71"
448,1343,2019,2,22,"23,212.05"
449,1342,2019,2,25,"23,315.24"
450,1341,2019,2,26,"23,244.10"
451,1340,2019,2,27,"23,309.60"
452,1339,2019,2,28,"23,142.78"
453,1338,2019,3,1,"22,997.53"
454,1337,2019,3,4,"22,637.33"
455,1336,2019,3,5,"22,544.21"
456,1335,2019,3,6,"22,486.04"
457,1334,2019,3,7,"22,468.18"
458,1333,2019,3,8,"22,397.16"
459,1332,2019,3,11,"22,652.05"
460,1331,2019,3,12,"22,546.41"
461,1330,2019,3,13,"22,652.79"
462,1329,2019,3,14,"22,806.19"
463,1328,2019,3,15,"22,554.98"
464,1327,2019,3,18,"22,597.32"
465,1326,2019,3,19,"22,567.75"
466,1325,2019,3,20,"22,591.30"
467,1324,2019,3,21,"22,672.41"
468,1323,2019,3,22,"22,593.45"
469,1322,2019,3,25,"22,721.06"
470,1321,2019,3,26,"22,869.67"
471,1320,2019,3,27,"22,765.34"
472,1319,2019,3,28,"22,684.70"
473,1318,2019,3,29,"22,364.37"
474,1317,2019,4,1,"22,381.37"
475,1316,2019,4,2,"22,323.06"
476,1315,2019,4,3,"22,386.71"
477,1314,2019,4,4,"22,357.29"
478,1313,2019,4,5,"22,369.98"
479,1312,2019,4,8,"22,390.14"
480,1311,2019,4,9,"22,472.46"
481,1310,2019,4,10,"22,599.80"
482,1309,2019,4,11,"22,655.44"
483,1308,2019,4,12,"22,375.00"
484,1307,2019,4,15,"22,362.65"
485,1306,2019,4,16,"22,338.37"
486,1305,2019,4,17,"22,097.45"
487,1304,2019,4,18,"21,983.65"
488,1303,2019,4,19,"21,936.81"
489,1302,2019,4,22,"21,864.54"
490,1301,2019,4,23,"21,890.47"
491,1300,2019,4,24,"21,837.37"
492,1299,2019,4,25,"21,913.11"
493,1298,2019,4,26,"21,940.51"
494,1297,2019,4,29,"22,096.51"
495,1296,2019,4,30,"21,983.66"
496,1295,2019,5,1,"22,039.35"
497,1294,2019,5,2,"21,920.27"
498,1293,2019,5,3,"21,825.06"
499,1292,2019,5,6,"21,972.52"
500,1291,2019,5,7,"21,955.28"
501,1290,2019,5,8,"22,030.90"
502,1289,2019,5,9,"21,971.18"
503,1288,2019,5,10,"21,987.52"
504,1287,2019,5,13,"22,009.18"
505,1286,2019,5,14,"22,204.27"
506,1285,2019,5,15,"22,140.31"
507,1284,2019,5,16,"22,147.05"
508,1283,2019,5,17,"21,934.84"
509,1282,2019,5,20,"21,783.21"
510,1281,2019,5,21,"21,749.02"
511,1280,2019,5,22,"21,697.37"
512,1279,2019,5,23,"21,576.66"
513,1278,2019,5,24,"21,646.15"
514,1277,2019,5,27,"21,693.07"
515,1276,2019,5,28,"21,629.94"
516,1275,2019,5,29,"21,547.88"
517,1274,2019,5,30,"21,529.45"
518,1273,2019,5,31,"21,625.20"
519,1272,2019,6,3,"21,911.95"
520,1271,2019,6,4,"22,210.86"
521,1270,2019,6,5,"22,213.79"
522,1269,2019,6,6,"22,321.62"
523,1268,2019,6,7,"22,410.46"
524,1267,2019,6,10,"22,403.81"
525,1266,2019,6,11,"22,231.58"
526,1265,2019,6,12,"22,239.06"
527,1264,2019,6,13,"22,311.16"
528,1263,2019,6,14,"22,499.48"
529,1262,2019,6,17,"22,516.51"
530,1261,2019,6,18,"22,453.63"
531,1260,2019,6,19,"22,581.66"
532,1259,2019,6,20,"22,774.71"
533,1258,2019,6,21,"23,174.07"
534,1257,2019,6,24,"23,349.30"
535,1256,2019,6,25,"23,709.85"
536,1255,2019,6,26,"23,772.71"
537,1254,2019,6,27,"23,539.42"
538,1253,2019,6,28,"23,537.37"
539,1252,2019,7,1,"23,260.28"
540,1251,2019,7,2,"23,127.41"
541,1250,2019,7,3,"23,600.61"
542,1249,2019,7,4,"23,579.59"
543,1248,2019,7,5,"23,544.69"
544,1247,2019,7,8,"23,212.84"
545,1246,2019,7,9,"23,178.63"
546,1245,2019,7,10,"23,214.14"
547,1244,2019,7,11,"23,581.41"
548,1243,2019,7,12,"23,287.02"
549,1242,2019,7,15,"23,537.56"
550,1241,2019,7,16,"23,488.46"
551,1240,2019,7,17,"23,381.39"
552,1239,2019,7,18,"23,691.93"
553,1238,2019,7,19,"24,033.29"
554,1237,2019,7,22,"23,674.16"
555,1236,2019,7,23,"23,684.02"
556,1235,2019,7,24,"23,560.70"
557,1234,2019,7,25,"23,680.54"
558,1233,2019,7,26,"23,469.88"
559,1232,2019,7,29,"23,563.64"
560,1231,2019,7,30,"23,671.87"
561,1230,2019,7,31,"23,696.01"
562,1229,2019,8,1,"23,398.58"
563,1228,2019,8,2,"23,964.00"
564,1227,2019,8,5,"23,857.18"
565,1226,2019,8,6,"24,244.71"
566,1225,2019,8,7,"24,408.38"
567,1224,2019,8,8,"24,867.38"
568,1223,2019,8,9,"24,864.07"
569,1222,2019,8,12,"24,840.33"
570,1221,2019,8,13,"25,066.73"
571,1220,2019,8,14,"24,902.19"
572,1219,2019,8,15,"25,171.04"
573,1218,2019,8,16,"25,254.26"
574,1217,2019,8,19,"25,115.32"
575,1216,2019,8,20,"24,824.07"
576,1215,2019,8,21,"25,012.07"
577,1214,2019,8,22,"24,945.28"
578,1213,2019,8,23,"24,826.84"
579,1212,2019,8,26,"25,525.46"
580,1211,2019,8,27,"25,292.11"
581,1210,2019,8,28,"25,521.21"
582,1209,2019,8,29,"25,487.51"
583,1208,2019,8,30,"25,283.45"
584,1207,2019,9,2,"25,214.66"
585,1206,2019,9,3,"25,330.19"
586,1205,2019,9,4,"25,606.93"
587,1204,2019,9,5,"25,656.72"
588,1203,2019,9,6,"25,035.38"
589,1202,2019,9,9,"24,821.96"
590,1201,2019,9,10,"24,673.56"
591,1200,2019,9,11,"24,452.91"
592,1199,2019,9,12,"24,595.73"
593,1198,2019,9,13,"24,616.05"
594,1197,2019,9,16,"24,572.19"
595,1196,2019,9,17,"24,483.05"
596,1195,2019,9,18,"24,517.06"
597,1194,2019,9,19,"24,426.91"
598,1193,2019,9,20,"24,448.70"
599,1192,2019,9,23,"24,730.97"
600,1191,2019,9,24,"24,819.60"
601,1190,2019,9,25,"24,983.66"
602,1189,2019,9,26,"24,478.85"
603,1188,2019,9,27,"24,543.30"
604,1187,2019,9,30,"24,349.94"
605,1186,2019,10,1,"23,969.55"
606,1185,2019,10,2,"24,082.53"
607,1184,2019,10,3,"24,500.03"
608,1183,2019,10,4,"24,548.20"
609,1182,2019,10,7,"24,542.56"
610,1181,2019,10,8,"24,357.61"
611,1180,2019,10,9,"24,524.62"
612,1179,2019,10,10,"24,538.05"
613,1178,2019,10,11,"24,320.05"
614,1177,2019,10,14,"24,142.52"
615,1176,2019,10,15,"24,279.44"
616,1175,2019,10,16,"24,053.40"
617,1174,2019,10,17,"24,181.10"
618,1173,2019,10,18,"24,216.80"
619,1172,2019,10,21,"24,169.26"
620,1171,2019,10,22,"24,046.49"
621,1170,2019,10,23,"24,101.57"
622,1169,2019,10,24,"24,157.04"
623,1168,2019,10,25,"24,258.89"
624,1167,2019,10,28,"24,265.11"
625,1166,2019,10,29,"24,089.21"
626,1165,2019,10,30,"23,997.09"
627,1164,2019,10,31,"24,139.71"
628,1163,2019,11,1,"24,419.27"
629,1162,2019,11,4,"24,402.47"
630,1161,2019,11,5,"24,329.07"
631,1160,2019,11,6,"23,932.16"
632,1159,2019,11,7,"24,058.29"
633,1158,2019,11,8,"23,702.57"
634,1157,2019,11,11,"23,547.71"
635,1156,2019,11,12,"23,511.42"
636,1155,2019,11,13,"23,493.92"
637,1154,2019,11,14,"23,619.97"
638,1153,2019,11,15,"23,729.95"
639,1152,2019,11,18,"23,607.31"
640,1151,2019,11,19,"23,732.48"
641,1150,2019,11,20,"23,708.87"
642,1149,2019,11,21,"23,692.77"
643,1148,2019,11,22,"23,593.11"
644,1147,2019,11,25,"23,557.51"
645,1146,2019,11,26,"23,486.53"
646,1145,2019,11,27,"23,557.46"
647,1144,2019,11,28,"23,440.92"
648,1143,2019,11,29,"23,469.12"
649,1142,2019,12,2,"23,696.21"
650,1141,2019,12,3,"23,544.65"
651,1140,2019,12,4,"23,816.18"
652,1139,2019,12,5,"23,767.82"
653,1138,2019,12,6,"23,822.04"
654,1137,2019,12,9,"23,576.32"
655,1136,2019,12,10,"23,562.62"
656,1135,2019,12,11,"23,661.96"
657,1134,2019,12,12,"23,823.33"
658,1133,2019,12,13,"23,692.05"
659,1132,2019,12,16,"23,720.28"
660,1131,2019,12,17,"23,675.81"
661,1130,2019,12,18,"23,664.79"
662,1129,2019,12,19,"23,689.96"
663,1128,2019,12,20,"23,732.65"
664,1127,2019,12,23,"23,747.29"
665,1126,2019,12,24,"23,857.46"
666,1125,2019,12,25,"24,080.12"
667,1124,2019,12,26,"24,088.11"
668,1123,2019,12,27,"24,237.37"
669,1122,2019,12,30,"24,294.56"
670,1121,2019,12,31,"24,318.08"
671,1120,2020,1,1,"24,352.61"
672,1119,2020,1,2,"24,336.46"
673,1118,2020,1,3,"24,527.57"
674,1117,2020,1,6,"24,909.53"
675,1116,2020,1,7,"25,170.24"
676,1115,2020,1,8,"25,308.48"
677,1114,2020,1,9,"24,950.87"
678,1113,2020,1,10,"24,830.40"
679,1112,2020,1,13,"24,918.54"
680,1111,2020,1,14,"24,658.38"
681,1110,2020,1,15,"24,556.21"
682,1109,2020,1,16,"24,682.54"
683,1108,2020,1,17,"24,576.24"
684,1107,2020,1,20,"24,663.63"
685,1106,2020,1,21,"24,639.53"
686,1105,2020,1,22,"24,612.63"
687,1104,2020,1,23,"24,629.37"
688,1103,2020,1,24,"24,646.23"
689,1102,2020,1,27,"24,966.38"
690,1101,2020,1,28,"24,977.37"
691,1100,2020,1,29,"24,767.39"
692,1099,2020,1,30,"24,917.49"
693,1098,2020,1,31,"24,875.22"
694,1097,2020,2,3,"25,109.29"
695,1096,2020,2,4,"24,960.84"
696,1095,2020,2,5,"24,535.29"
697,1094,2020,2,6,"24,554.48"
698,1093,2020,2,7,"24,691.13"
699,1092,2020,2,10,"24,716.39"
700,1091,2020,2,11,"24,727.27"
701,1090,2020,2,12,"24,646.70"
702,1089,2020,2,13,"24,632.33"
703,1088,2020,2,14,"24,742.44"
704,1087,2020,2,17,"24,776.79"
705,1086,2020,2,18,"24,765.10"
706,1085,2020,2,19,"24,990.71"
707,1084,2020,2,20,"25,139.80"
708,1083,2020,2,21,"25,218.75"
709,1082,2020,2,24,"25,814.76"
710,1081,2020,2,25,"25,817.11"
711,1080,2020,2,26,"25,475.80"
712,1079,2020,2,27,"25,596.89"
713,1078,2020,2,28,"25,713.71"
714,1077,2020,3,2,"24,868.91"
715,1076,2020,3,3,"24,861.90"
716,1075,2020,3,4,"25,676.11"
717,1074,2020,3,5,"25,616.33"
718,1073,2020,3,6,"26,153.14"
719,1072,2020,3,9,"26,551.26"
720,1071,2020,3,10,"26,378.92"
721,1070,2020,3,11,"25,929.00"
722,1069,2020,3,12,"25,669.54"
723,1068,2020,3,13,"24,762.89"
724,1067,2020,3,16,"24,588.93"
725,1066,2020,3,17,"23,851.05"
726,1065,2020,3,18,"24,077.74"
727,1064,2020,3,19,"23,409.28"
728,1063,2020,3,20,"23,168.31"
729,1062,2020,3,23,"23,753.39"
730,1061,2020,3,24,"24,473.55"
731,1060,2020,3,25,"25,638.10"
732,1059,2020,3,26,"25,473.18"
733,1058,2020,3,27,"25,687.07"
734,1057,2020,3,30,"25,546.80"
735,1056,2020,3,31,"25,596.54"
736,1055,2020,4,1,"24,829.39"
737,1054,2020,4,2,"25,063.60"
738,1053,2020,4,3,"25,415.60"
739,1052,2020,4,6,"25,160.72"
740,1051,2020,4,7,"26,172.63"
741,1050,2020,4,8,"26,015.99"
742,1049,2020,4,9,"25,915.63"
743,1048,2020,4,10,"26,575.07"
744,1047,2020,4,13,"26,549.88"
745,1046,2020,4,14,"26,978.43"
746,1045,2020,4,15,"27,272.11"
747,1044,2020,4,16,"27,099.30"
748,1043,2020,4,17,"27,051.55"
749,1042,2020,4,20,"26,653.04"
750,1041,2020,4,21,"26,712.29"
751,1040,2020,4,22,"26,560.91"
752,1039,2020,4,23,"27,013.83"
753,1038,2020,4,24,"27,348.27"
754,1037,2020,4,27,"27,186.91"
755,1036,2020,4,28,"27,002.45"
756,1035,2020,4,29,"26,903.35"
757,1034,2020,4,30,"26,978.91"
758,1033,2020,5,1,"26,572.28"
759,1032,2020,5,4,"26,759.35"
760,1031,2020,5,5,"26,843.63"
761,1030,2020,5,6,"26,850.53"
762,1029,2020,5,7,"26,547.71"
763,1028,2020,5,8,"27,030.24"
764,1027,2020,5,11,"26,816.67"
765,1026,2020,5,12,"26,727.72"
766,1025,2020,5,13,"26,818.43"
767,1024,2020,5,14,"27,035.16"
768,1023,2020,5,15,"27,236.43"
769,1022,2020,5,18,"26,819.12"
770,1021,2020,5,19,"27,355.19"
771,1020,2020,5,20,"27,549.27"
772,1019,2020,5,21,"27,654.29"
773,1018,2020,5,22,"27,388.88"
774,1017,2020,5,25,"27,510.93"
775,1016,2020,5,26,"27,419.18"
776,1015,2020,5,27,"27,132.91"
777,1014,2020,5,28,"27,076.77"
778,1013,2020,5,29,"27,220.04"
779,1012,2020,6,1,"27,650.06"
780,1011,2020,6,2,"27,714.15"
781,1010,2020,6,3,"27,653.54"
782,1009,2020,6,4,"27,313.30"
783,1008,2020,6,5,"27,843.50"
784,1007,2020,6,8,"27,325.01"
785,1006,2020,6,9,"27,517.18"
786,1005,2020,6,10,"27,761.13"
787,1004,2020,6,11,"28,151.29"
788,1003,2020,6,12,"27,948.79"
789,1002,2020,6,15,"28,076.58"
790,1001,2020,6,16,"27,929.65"
791,1000,2020,6,17,"27,942.18"
792,999,2020,6,18,"27,939.00"
793,998,2020,6,19,"27,877.14"
794,997,2020,6,22,"28,321.43"
795,996,2020,6,23,"28,402.98"
796,995,2020,6,24,"28,602.53"
797,994,2020,6,25,"28,508.79"
798,993,2020,6,26,"28,498.10"
799,992,2020,6,29,"28,734.70"
800,991,2020,6,30,"28,642.12"
801,990,2020,7,1,"28,767.23"
802,989,2020,7,2,"28,548.61"
803,988,2020,7,3,"28,625.36"
804,987,2020,7,6,"28,600.76"
805,986,2020,7,7,"28,659.16"
806,985,2020,7,8,"28,776.86"
807,984,2020,7,9,"28,979.96"
808,983,2020,7,10,"28,837.90"
809,982,2020,7,13,"28,075.78"
810,981,2020,7,14,"28,789.54"
811,980,2020,7,15,"28,859.72"
812,979,2020,7,16,"28,911.23"
813,978,2020,7,17,"28,676.99"
814,977,2020,7,20,"28,930.69"
815,976,2020,7,21,"29,030.38"
816,975,2020,7,22,"29,429.84"
817,974,2020,7,23,"29,934.14"
818,973,2020,7,24,"30,180.91"
819,972,2020,7,27,"30,361.98"
820,971,2020,7,28,"31,056.20"
821,970,2020,7,29,"31,304.28"
822,969,2020,7,30,"31,469.47"
823,968,2020,7,31,"31,243.81"
824,967,2020,8,3,"31,636.29"
825,966,2020,8,4,"31,573.47"
826,965,2020,8,5,"32,289.19"
827,964,2020,8,6,"32,597.27"
828,963,2020,8,7,"32,947.65"
829,962,2020,8,10,"32,562.39"
830,961,2020,8,11,"32,410.96"
831,960,2020,8,12,"30,552.10"
832,959,2020,8,13,"30,613.99"
833,958,2020,8,14,"31,123.36"
834,957,2020,8,17,"30,992.04"
835,956,2020,8,18,"31,616.16"
836,955,2020,8,19,"31,915.03"
837,954,2020,8,20,"30,730.02"
838,953,2020,8,21,"31,015.66"
839,952,2020,8,24,"30,838.87"
840,951,2020,8,25,"30,648.26"
841,950,2020,8,26,"30,658.16"
842,949,2020,8,27,"31,005.96"
843,948,2020,8,28,"30,623.96"
844,947,2020,8,31,"31,131.88"
845,946,2020,9,1,"31,229.76"
846,945,2020,9,2,"31,271.14"
847,944,2020,9,3,"30,813.38"
848,943,2020,9,4,"30,522.72"
849,942,2020,9,7,"30,465.39"
850,941,2020,9,8,"30,494.86"
851,940,2020,9,9,"30,520.02"
852,939,2020,9,10,"30,717.61"
853,938,2020,9,11,"30,675.52"
854,937,2020,9,14,"30,522.96"
855,936,2020,9,15,"30,853.04"
856,935,2020,9,16,"30,820.15"
857,934,2020,9,17,"30,881.58"
858,933,2020,9,18,"30,642.42"
859,932,2020,9,21,"30,685.87"
860,931,2020,9,22,"30,087.66"
861,930,2020,9,23,"29,972.29"
862,929,2020,9,24,"29,350.89"
863,928,2020,9,25,"29,463.38"
864,927,2020,9,28,"29,349.45"
865,926,2020,9,29,"29,652.49"
866,925,2020,9,30,"29,908.68"
867,924,2020,10,1,"29,729.68"
868,923,2020,10,2,"30,019.55"
869,922,2020,10,5,"29,865.27"
870,921,2020,10,6,"30,099.34"
871,920,2020,10,7,"29,527.49"
872,919,2020,10,8,"29,644.12"
873,918,2020,10,9,"29,749.97"
874,917,2020,10,12,"30,197.87"
875,916,2020,10,13,"30,185.51"
876,915,2020,10,14,"29,672.64"
877,914,2020,10,15,"29,844.15"
878,913,2020,10,16,"29,965.15"
879,912,2020,10,19,"29,819.66"
880,911,2020,10,20,"29,895.63"
881,910,2020,10,21,"29,933.91"
882,909,2020,10,22,"30,216.24"
883,908,2020,10,23,"29,913.12"
884,907,2020,10,26,"29,885.88"
885,906,2020,10,27,"29,862.90"
886,905,2020,10,28,"29,971.31"
887,904,2020,10,29,"29,477.38"
888,903,2020,10,30,"29,325.63"
889,902,2020,11,2,"29,484.61"
890,901,2020,11,3,"29,826.88"
891,900,2020,11,4,"30,001.25"
892,899,2020,11,5,"29,951.50"
893,898,2020,11,6,"30,573.04"
894,897,2020,11,9,"30,566.70"
895,896,2020,11,10,"29,185.63"
896,895,2020,11,11,"29,377.73"
897,894,2020,11,12,"29,193.77"
898,893,2020,11,13,"29,358.68"
899,892,2020,11,16,"29,483.34"
900,891,2020,11,17,"29,539.36"
901,890,2020,11,18,"29,383.21"
902,889,2020,11,19,"29,245.59"
903,888,2020,11,20,"29,113.44"
904,887,2020,11,23,"29,148.56"
905,886,2020,11,24,"28,747.20"
906,885,2020,11,25,"28,290.62"
907,884,2020,11,26,"28,309.62"
908,883,2020,11,27,"28,325.57"
909,882,2020,11,30,"27,998.69"
910,881,2020,12,1,"27,821.34"
911,880,2020,12,2,"28,425.82"
912,879,2020,12,3,"28,666.67"
913,878,2020,12,4,"28,849.19"
914,877,2020,12,7,"28,856.53"
915,876,2020,12,8,"29,203.00"
916,875,2020,12,9,"29,327.86"
917,874,2020,12,10,"28,874.57"
918,873,2020,12,11,"28,855.13"
919,872,2020,12,14,"29,588.82"
920,871,2020,12,15,"28,759.28"
921,870,2020,12,16,"29,118.60"
922,869,2020,12,17,"29,264.38"
923,868,2020,12,18,"29,621.47"
924,867,2020,12,21,"29,415.58"
925,866,2020,12,22,"29,394.58"
926,865,2020,12,23,"29,152.26"
927,864,2020,12,24,"29,406.52"
928,863,2020,12,28,"29,535.86"
929,862,2020,12,29,"29,450.60"
930,861,2020,12,30,"29,555.63"
931,860,2020,12,31,"29,801.54"
932,859,2021,1,1,"29,873.53"
933,858,2021,1,4,"29,913.01"
934,857,2021,1,5,"30,581.20"
935,856,2021,1,6,"30,616.55"
936,855,2021,1,7,"30,126.45"
937,854,2021,1,8,"30,046.01"
938,853,2021,1,11,"28,905.27"
939,852,2021,1,12,"28,840.34"
940,851,2021,1,13,"29,057.27"
941,850,2021,1,14,"28,895.19"
942,849,2021,1,15,"28,909.89"
943,848,2021,1,18,"28,732.65"
944,847,2021,1,19,"28,858.13"
945,846,2021,1,20,"28,911.22"
946,845,2021,1,21,"29,471.29"
947,844,2021,1,22,"29,412.84"
948,843,2021,1,25,"29,169.64"
949,842,2021,1,26,"29,156.15"
950,841,2021,1,27,"29,113.04"
951,840,2021,1,28,"28,964.95"
952,839,2021,1,29,"28,953.02"
953,838,2021,2,1,"29,354.62"
954,837,2021,2,2,"29,269.23"
955,836,2021,2,3,"28,919.31"
956,835,2021,2,4,"28,832.15"
957,834,2021,2,5,"28,150.15"
958,833,2021,2,8,"28,439.88"
959,832,2021,2,9,"28,667.01"
960,831,2021,2,10,"28,789.96"
961,830,2021,2,11,"28,867.61"
962,829,2021,2,12,"28,535.02"
963,828,2021,2,15,"28,400.10"
964,827,2021,2,16,"28,418.20"
965,826,2021,2,17,"28,031.60"
966,825,2021,2,18,"27,764.15"
967,824,2021,2,19,"27,808.12"
968,823,2021,2,22,"27,936.71"
969,822,2021,2,23,"28,377.29"
970,821,2021,2,24,"28,311.77"
971,820,2021,2,25,"28,302.36"
972,819,2021,2,26,"27,787.39"
973,818,2021,3,1,"27,277.14"
974,817,2021,3,2,"27,132.30"
975,816,2021,3,3,"27,251.79"
976,815,2021,3,4,"26,808.64"
977,814,2021,3,5,"26,648.30"
978,813,2021,3,8,"26,733.93"
979,812,2021,3,9,"26,482.96"
980,811,2021,3,10,"26,990.27"
981,810,2021,3,11,"27,161.71"
982,809,2021,3,12,"27,044.76"
983,808,2021,3,15,"27,058.67"
984,807,2021,3,16,"27,205.73"
985,806,2021,3,17,"27,168.44"
986,805,2021,3,18,"27,414.68"
987,804,2021,3,19,"27,228.50"
988,803,2021,3,22,"27,467.13"
989,802,2021,3,23,"27,352.52"
990,801,2021,3,24,"27,226.37"
991,800,2021,3,25,"27,332.03"
992,799,2021,3,26,"27,122.72"
993,798,2021,3,29,"27,209.86"
994,797,2021,3,30,"26,881.43"
995,796,2021,3,31,"26,490.34"
996,795,2021,4,1,"26,837.35"
997,794,2021,4,2,"27,177.51"
998,793,2021,4,5,"27,158.61"
999,792,2021,4,6,"27,149.96"
1000,791,2021,4,7,"27,392.96"
1001,790,2021,4,8,"27,281.06"
1002,789,2021,4,9,"27,595.39"
1003,788,2021,4,12,"27,392.85"
1004,787,2021,4,13,"27,188.71"
1005,786,2021,4,14,"27,384.48"
1006,785,2021,4,15,"27,210.12"
1007,784,2021,4,16,"27,653.20"
1008,783,2021,4,19,"27,883.91"
1009,782,2021,4,20,"27,802.15"
1010,781,2021,4,21,"27,937.24"
1011,780,2021,4,22,"28,123.80"
1012,779,2021,4,23,"28,012.67"
1013,778,2021,4,26,"27,919.71"
1014,777,2021,4,27,"27,949.57"
1015,776,2021,4,28,"27,846.60"
1016,775,2021,4,29,"27,900.81"
1017,774,2021,4,30,"27,750.57"
1018,773,2021,5,3,"27,694.66"
1019,772,2021,5,4,"28,078.14"
1020,771,2021,5,5,"27,875.10"
1021,770,2021,5,6,"28,000.05"
1022,769,2021,5,7,"28,445.36"
1023,768,2021,5,10,"28,720.11"
1024,767,2021,5,11,"28,769.29"
1025,766,2021,5,12,"28,810.93"
1026,765,2021,5,13,"28,464.31"
1027,764,2021,5,14,"28,609.29"
1028,763,2021,5,17,"28,966.81"
1029,762,2021,5,18,"29,291.13"
1030,761,2021,5,19,"29,312.87"
1031,760,2021,5,20,"29,315.38"
1032,759,2021,5,21,"29,437.73"
1033,758,2021,5,24,"29,458.72"
1034,757,2021,5,25,"29,463.50"
1035,756,2021,5,26,"29,759.64"
1036,755,2021,5,27,"29,740.99"
1037,754,2021,5,28,"29,741.79"
1038,753,2021,5,31,"29,849.97"
1039,752,2021,6,1,"29,938.62"
1040,751,2021,6,2,"29,797.13"
1041,750,2021,6,3,"29,941.50"
1042,749,2021,6,4,"29,348.56"
1043,748,2021,6,7,"29,630.46"
1044,747,2021,6,8,"29,803.92"
1045,746,2021,6,9,"29,624.21"
1046,745,2021,6,10,"29,617.90"
1047,744,2021,6,11,"29,747.76"
1048,743,2021,6,14,"29,365.46"
1049,742,2021,6,15,"29,225.36"
1050,741,2021,6,16,"29,127.35"
1051,740,2021,6,17,"28,370.96"
1052,739,2021,6,18,"27,778.68"
1053,738,2021,6,21,"27,613.59"
1054,737,2021,6,22,"27,925.65"
1055,736,2021,6,23,"27,889.18"
1056,735,2021,6,24,"27,859.68"
1057,734,2021,6,25,"27,822.04"
1058,733,2021,6,28,"27,956.65"
1059,732,2021,6,29,"27,867.55"
1060,731,2021,6,30,"27,597.47"
1061,730,2021,7,1,"27,783.46"
1062,729,2021,7,2,"27,884.55"
1063,728,2021,7,5,"28,017.68"
1064,727,2021,7,6,"28,096.70"
1065,726,2021,7,7,"28,195.27"
1066,725,2021,7,8,"28,264.35"
1067,724,2021,7,9,"28,287.47"
1068,723,2021,7,12,"28,366.68"
1069,722,2021,7,13,"28,322.50"
1070,721,2021,7,14,"28,363.03"
1071,720,2021,7,15,"28,690.78"
1072,719,2021,7,16,"28,732.18"
1073,718,2021,7,19,"28,406.62"
1074,717,2021,7,20,"28,416.76"
1075,716,2021,7,21,"28,366.57"
1076,715,2021,7,22,"28,274.91"
1077,714,2021,7,23,"28,315.64"
1078,713,2021,7,26,"28,333.07"
1079,712,2021,7,27,"28,202.74"
1080,711,2021,7,28,"28,221.55"
1081,710,2021,7,29,"28,372.83"
1082,709,2021,7,30,"28,712.29"
1083,708,2021,8,2,"28,448.95"
1084,707,2021,8,3,"28,472.60"
1085,706,2021,8,4,"28,422.46"
1086,705,2021,8,5,"28,457.03"
1087,704,2021,8,6,"28,338.07"
1088,703,2021,8,9,"27,684.57"
1089,702,2021,8,10,"27,156.15"
1090,701,2021,8,11,"27,146.82"
1091,700,2021,8,12,"27,501.59"
1092,699,2021,8,13,"27,518.14"
1093,698,2021,8,16,"27,941.91"
1094,697,2021,8,17,"28,019.94"
1095,696,2021,8,18,"28,057.79"
1096,695,2021,8,19,"28,064.81"
1097,694,2021,8,20,"27,947.91"
1098,693,2021,8,23,"28,007.98"
1099,692,2021,8,24,"28,342.38"
1100,691,2021,8,25,"28,303.13"
1101,690,2021,8,26,"28,113.17"
1102,689,2021,8,27,"28,126.45"
1103,688,2021,8,30,"28,578.63"
1104,687,2021,8,31,"28,421.88"
1105,686,2021,9,1,"28,481.34"
1106,685,2021,9,2,"28,489.69"
1107,684,2021,9,3,"28,418.81"
1108,683,2021,9,6,"28,764.82"
1109,682,2021,9,7,"28,643.59"
1110,681,2021,9,8,"28,196.43"
1111,680,2021,9,9,"28,134.43"
1112,679,2021,9,10,"28,192.34"
1113,678,2021,9,13,"28,084.39"
1114,677,2021,9,14,"28,197.70"
1115,676,2021,9,15,"28,352.11"
1116,675,2021,9,16,"28,187.97"
1117,674,2021,9,17,"27,558.50"
1118,673,2021,9,20,"27,559.99"
1119,672,2021,9,21,"27,745.91"
1120,671,2021,9,22,"27,858.82"
1121,670,2021,9,23,"27,777.60"
1122,669,2021,9,24,"27,360.05"
1123,668,2021,9,27,"27,512.09"
1124,667,2021,9,28,"27,494.29"
1125,666,2021,9,29,"27,241.24"
1126,665,2021,9,30,"27,135.30"
1127,664,2021,10,1,"27,625.64"
1128,663,2021,10,4,"27,752.03"
1129,662,2021,10,5,"27,798.03"
1130,661,2021,10,6,"27,649.90"
1131,660,2021,10,7,"27,677.49"
1132,659,2021,10,8,"27,559.02"
1133,658,2021,10,11,"27,590.34"
1134,657,2021,10,12,"27,572.84"
1135,656,2021,10,13,"27,667.98"
1136,655,2021,10,14,"28,177.41"
1137,654,2021,10,15,"28,229.13"
1138,653,2021,10,18,"27,751.25"
1139,652,2021,10,19,"27,776.31"
1140,651,2021,10,20,"27,814.14"
1141,650,2021,10,21,"27,980.50"
1142,649,2021,10,22,"27,990.70"
1143,648,2021,10,25,"28,168.09"
1144,647,2021,10,26,"28,436.63"
1145,646,2021,10,27,"28,176.96"
1146,645,2021,10,28,"28,229.04"
1147,644,2021,10,29,"28,259.01"
1148,643,2021,11,1,"27,999.20"
1149,642,2021,11,2,"28,206.98"
1150,641,2021,11,3,"28,068.57"
1151,640,2021,11,4,"27,835.47"
1152,639,2021,11,5,"28,126.02"
1153,638,2021,11,8,"28,567.79"
1154,637,2021,11,9,"28,692.24"
1155,636,2021,11,10,"28,778.30"
1156,635,2021,11,11,"29,051.35"
1157,634,2021,11,12,"29,273.73"
1158,633,2021,11,15,"29,334.57"
1159,632,2021,11,16,"29,330.03"
1160,631,2021,11,17,"29,072.56"
1161,630,2021,11,18,"29,355.47"
1162,629,2021,11,19,"29,186.26"
1163,628,2021,11,22,"28,973.51"
1164,627,2021,11,23,"28,370.62"
1165,626,2021,11,24,"28,124.61"
1166,625,2021,11,25,"28,118.93"
1167,624,2021,11,26,"28,118.53"
1168,623,2021,11,29,"28,121.65"
1169,622,2021,11,30,"28,054.68"
1170,621,2021,12,1,"27,953.88"
1171,620,2021,12,2,"27,993.36"
1172,619,2021,12,3,"27,780.89"
1173,618,2021,12,6,"28,038.98"
1174,617,2021,12,7,"27,954.91"
1175,616,2021,12,8,"28,030.20"
1176,615,2021,12,9,"28,028.87"
1177,614,2021,12,10,"27,887.71"
1178,613,2021,12,13,"27,996.71"
1179,612,2021,12,14,"28,069.01"
1180,611,2021,12,15,"27,860.56"
1181,610,2021,12,16,"27,970.67"
1182,609,2021,12,17,"28,322.64"
1183,608,2021,12,20,"28,231.63"
1184,607,2021,12,21,"28,131.05"
1185,606,2021,12,22,"28,113.06"
1186,605,2021,12,23,"28,397.29"
1187,604,2021,12,24,"28,411.48"
1188,603,2021,12,27,"28,406.78"
1189,602,2021,12,28,"28,487.49"
1190,601,2021,12,29,"28,411.78"
1191,600,2021,12,30,"28,347.06"
1192,599,2021,12,31,"28,512.83"
1193,598,2022,1,3,"28,751.44"
1194,597,2022,1,4,"28,367.37"
1195,596,2022,1,5,"28,543.75"
1196,595,2022,1,6,"28,448.41"
1197,594,2022,1,7,"28,146.82"
1198,593,2022,1,10,"28,196.85"
1199,592,2022,1,11,"28,338.31"
1200,591,2022,1,12,"28,616.97"
1201,590,2022,1,13,"28,709.38"
1202,589,2022,1,14,"28,599.69"
1203,588,2022,1,17,"28,510.52"
1204,587,2022,1,18,"28,597.71"
1205,586,2022,1,19,"28,549.45"
1206,585,2022,1,20,"28,913.11"
1207,584,2022,1,21,"28,952.32"
1208,583,2022,1,24,"28,819.95"
1209,582,2022,1,25,"28,954.80"
1210,581,2022,1,26,"29,089.03"
1211,580,2022,1,27,"28,634.77"
1212,579,2022,1,28,"28,291.13"
1213,578,2022,1,31,"28,139.70"
1214,577,2022,2,1,"28,244.49"
1215,576,2022,2,2,"28,296.03"
1216,575,2022,2,3,"28,382.81"
1217,574,2022,2,4,"28,398.46"
1218,573,2022,2,7,"28,387.84"
1219,572,2022,2,8,"28,600.80"
1220,571,2022,2,9,"28,711.43"
1221,570,2022,2,10,"28,844.55"
1222,569,2022,2,11,"28,699.10"
1223,568,2022,2,14,"29,244.91"
1224,567,2022,2,15,"29,419.69"
1225,566,2022,2,16,"29,140.88"
1226,565,2022,2,17,"29,372.07"
1227,564,2022,2,18,"29,867.32"
1228,563,2022,2,21,"29,855.22"
1229,562,2022,2,22,"29,958.38"
1230,561,2022,2,23,"29,830.95"
1231,560,2022,2,24,"30,003.91"
1232,559,2022,2,25,"29,976.36"
1233,558,2022,2,28,"30,174.43"
1234,557,2022,3,1,"29,986.40"
1235,556,2022,3,2,"30,559.90"
1236,555,2022,3,3,"30,317.85"
1237,554,2022,3,4,"30,462.42"
1238,553,2022,3,7,"31,089.84"
1239,552,2022,3,8,"31,447.51"
1240,551,2022,3,9,"32,267.24"
1241,550,2022,3,10,"31,361.41"
1242,549,2022,3,11,"31,387.91"
1243,548,2022,3,14,"31,271.46"
1244,547,2022,3,15,"30,702.98"
1245,546,2022,3,16,"30,131.73"
1246,545,2022,3,17,"30,282.63"
1247,544,2022,3,18,"30,541.68"
1248,543,2022,3,21,"30,275.27"
1249,542,2022,3,22,"35,274.76"
1250,541,2022,3,23,"35,625.84"
1251,540,2022,3,24,"35,714.61"
1252,539,2022,3,25,"35,887.88"
1253,538,2022,3,28,"35,815.75"
1254,537,2022,3,29,"35,206.46"
1255,536,2022,3,30,"35,165.78"
1256,535,2022,3,31,"35,310.86"
1257,534,2022,4,1,"35,410.93"
1258,533,2022,4,4,"35,130.28"
1259,532,2022,4,5,"35,251.47"
1260,531,2022,4,6,"35,088.23"
1261,530,2022,4,7,"35,254.84"
1262,529,2022,4,8,"35,425.13"
1263,528,2022,4,11,"35,730.17"
1264,527,2022,4,12,"36,027.16"
1265,526,2022,4,13,"36,385.55"
1266,525,2022,4,14,"36,414.35"
1267,524,2022,4,15,"36,308.64"
1268,523,2022,4,18,"36,320.09"
1269,522,2022,4,19,"36,475.07"
1270,521,2022,4,20,"36,020.67"
1271,520,2022,4,21,"36,200.20"
1272,519,2022,4,22,"36,257.30"
1273,518,2022,4,25,"35,879.76"
1274,517,2022,4,26,"35,226.83"
1275,516,2022,4,27,"35,277.85"
1276,515,2022,4,28,"34,890.27"
1277,514,2022,4,29,"35,026.91"
1278,513,2022,5,2,"35,039.88"
1279,512,2022,5,3,"34,430.05"
1280,511,2022,5,4,"34,524.14"
1281,510,2022,5,5,"34,768.02"
1282,509,2022,5,6,"34,686.82"
1283,508,2022,5,9,"34,878.48"
1284,507,2022,5,10,"34,262.89"
1285,506,2022,5,11,"33,973.58"
1286,505,2022,5,12,"34,058.14"
1287,504,2022,5,13,"33,367.14"
1288,503,2022,5,16,"33,160.34"
1289,502,2022,5,17,"33,343.25"
1290,501,2022,5,18,"33,179.52"
1291,500,2022,5,19,"33,172.38"
1292,499,2022,5,20,"33,672.59"
1293,498,2022,5,23,"33,745.34"
1294,497,2022,5,24,"34,116.17"
1295,496,2022,5,25,"34,593.45"
1296,495,2022,5,26,"34,484.85"
1297,494,2022,5,27,"34,427.55"
1298,493,2022,5,30,"34,441.61"
1299,492,2022,5,31,"34,538.23"
1300,491,2022,6,1,"34,177.61"
1301,490,2022,6,2,"34,401.25"
1302,489,2022,6,3,"34,811.95"
1303,488,2022,6,6,"34,482.23"
1304,487,2022,6,7,"34,347.71"
1305,486,2022,6,8,"34,611.64"
1306,485,2022,6,9,"34,635.66"
1307,484,2022,6,10,"34,574.32"
1308,483,2022,6,13,"35,039.86"
1309,482,2022,6,14,"34,054.78"
1310,481,2022,6,15,"33,888.39"
1311,480,2022,6,16,"34,411.18"
1312,479,2022,6,17,"34,801.91"
1313,478,2022,6,20,"34,567.32"
1314,477,2022,6,21,"34,515.48"
1315,476,2022,6,22,"34,368.86"
1316,475,2022,6,23,"34,440.53"
1317,474,2022,6,24,"34,222.99"
1318,473,2022,6,27,"34,492.80"
1319,472,2022,6,28,"34,221.30"
1320,471,2022,6,29,"34,202.13"
1321,470,2022,6,30,"34,174.95"
1322,469,2022,7,1,"33,970.98"
1323,468,2022,7,4,"34,088.73"
1324,467,2022,7,5,"34,121.80"
1325,466,2022,7,6,"33,285.12"
1326,465,2022,7,7,"32,843.98"
1327,464,2022,7,8,"32,862.09"
1328,463,2022,7,11,"32,870.34"
1329,462,2022,7,12,"32,738.40"
1330,461,2022,7,13,"32,579.82"
1331,460,2022,7,14,"32,757.67"
1332,459,2022,7,15,"32,283.59"
1333,458,2022,7,18,"32,211.87"
1334,457,2022,7,19,"32,335.28"
1335,456,2022,7,20,"32,368.29"
1336,455,2022,7,21,"32,152.38"
1337,454,2022,7,22,"32,516.45"
1338,453,2022,7,25,"32,765.63"
1339,452,2022,7,26,"32,608.27"
1340,451,2022,7,27,"32,563.71"
1341,450,2022,7,28,"32,850.02"
1342,449,2022,7,29,"33,221.36"
1343,448,2022,8,1,"33,465.26"
1344,447,2022,8,2,"33,628.62"
1345,446,2022,8,3,"33,521.36"
1346,445,2022,8,4,"33,685.68"
1347,444,2022,8,5,"34,303.02"
1348,443,2022,8,8,"33,893.03"
1349,442,2022,8,9,"34,302.83"
1350,441,2022,8,10,"34,379.09"
1351,440,2022,8,11,"34,294.27"
1352,439,2022,8,12,"34,270.76"
1353,438,2022,8,15,"34,473.14"
1354,437,2022,8,16,"34,079.25"
1355,436,2022,8,17,"34,003.48"
1356,435,2022,8,18,"33,740.20"
1357,434,2022,8,19,"33,673.75"
1358,433,2022,8,22,"33,490.86"
1359,432,2022,8,23,"33,270.00"
1360,431,2022,8,24,"33,509.45"
1361,430,2022,8,25,"33,627.56"
1362,429,2022,8,26,"33,757.91"
1363,428,2022,8,29,"33,343.64"
1364,427,2022,8,30,"33,369.63"
1365,426,2022,8,31,"33,161.71"
1366,425,2022,9,1,"32,909.73"
1367,424,2022,9,2,"32,647.44"
1368,423,2022,9,5,"32,906.66"
1369,422,2022,9,6,"32,906.10"
1370,421,2022,9,7,"32,768.54"
1371,420,2022,9,8,"33,110.36"
1372,419,2022,9,9,"32,990.61"
1373,418,2022,9,12,"33,173.34"
1374,417,2022,9,13,"33,386.18"
1375,416,2022,9,14,"32,933.16"
1376,415,2022,9,15,"32,883.76"
1377,414,2022,9,16,"32,342.68"
1378,413,2022,9,19,"32,583.22"
1379,412,2022,9,20,"32,542.38"
1380,411,2022,9,21,"32,361.16"
1381,410,2022,9,22,"32,606.09"
1382,409,2022,9,23,"32,571.36"
1383,408,2022,9,26,"32,068.77"
1384,407,2022,9,27,"31,655.01"
1385,406,2022,9,28,"31,752.63"
1386,405,2022,9,29,"32,417.79"
1387,404,2022,9,30,"32,450.79"
1388,403,2022,10,3,"32,461.74"
1389,402,2022,10,4,"33,347.64"
1390,401,2022,10,5,"33,935.50"
1391,400,2022,10,6,"33,744.53"
1392,399,2022,10,7,"33,598.00"
1393,398,2022,10,10,"33,392.93"
1394,397,2022,10,11,"32,810.77"
1395,396,2022,10,12,"32,796.94"
1396,395,2022,10,13,"32,936.57"
1397,394,2022,10,14,"32,760.77"
1398,393,2022,10,17,"32,283.68"
1399,392,2022,10,18,"32,479.00"
1400,391,2022,10,19,"32,483.43"
1401,390,2022,10,20,"32,051.16"
1402,389,2022,10,21,"31,935.68"
1403,388,2022,10,24,"32,666.46"
1404,387,2022,10,25,"32,423.01"
1405,386,2022,10,26,"32,565.59"
1406,385,2022,10,27,"32,786.20"
1407,384,2022,10,28,"38,502.30"
1408,383,2022,10,31,"39,202.18"
1409,382,2022,11,1,"39,486.12"
1410,381,2022,11,2,"39,878.59"
1411,380,2022,11,3,"39,378.45"
1412,379,2022,11,4,"39,516.98"
1413,378,2022,11,7,"40,771.42"
1414,377,2022,11,8,"40,750.73"
1415,376,2022,11,9,"41,693.39"
1416,375,2022,11,10,"41,640.02"
1417,374,2022,11,11,"42,819.02"
1418,373,2022,11,14,"43,213.68"
1419,372,2022,11,15,"43,309.96"
1420,371,2022,11,16,"43,504.36"
1421,370,2022,11,17,"43,431.77"
1422,369,2022,11,18,"43,156.70"
1423,368,2022,11,21,"42,842.70"
1424,367,2022,11,22,"42,624.46"
1425,366,2022,11,23,"42,670.63"
1426,365,2022,11,24,"42,962.56"
1427,364,2022,11,25,"43,165.50"
1428,363,2022,11,28,"43,050.18"
1429,362,2022,11,29,"42,789.92"
1430,361,2022,11,30,"42,955.78"
1431,360,2022,12,1,"43,433.62"
1432,359,2022,12,2,"44,294.02"
1433,358,2022,12,5,"44,246.59"
1434,357,2022,12,6,"43,412.70"
1435,356,2022,12,7,"43,527.29"
1436,355,2022,12,8,"44,018.11"
1437,354,2022,12,9,"44,010.57"
1438,353,2022,12,12,"44,184.43"
1439,352,2022,12,13,"43,916.86"
1440,351,2022,12,14,"44,646.09"
1441,350,2022,12,15,"44,663.71"
1442,349,2022,12,16,"43,919.07"
1443,348,2022,12,19,"44,325.96"
1444,347,2022,12,20,"44,221.13"
1445,346,2022,12,21,"44,891.16"
1446,345,2022,12,22,"44,875.05"
1447,344,2022,12,23,"44,334.16"
1448,343,2022,12,26,"44,514.28"
1449,342,2022,12,27,"44,467.14"
1450,341,2022,12,28,"44,797.62"
1451,340,2022,12,29,"44,726.98"
1452,339,2022,12,30,"44,927.99"
1453,338,2023,1,2,"45,149.53"
1454,337,2023,1,3,"45,142.12"
1455,336,2023,1,4,"45,601.38"
1456,335,2023,1,5,"49,075.89"
1457,334,2023,1,6,"49,841.02"
1458,333,2023,1,9,"50,740.39"
1459,332,2023,1,10,"51,652.73"
1460,331,2023,1,11,"51,933.16"
1461,330,2023,1,12,"55,706.13"
1462,329,2023,1,13,"55,985.31"
1463,328,2023,1,16,"56,937.02"
1464,327,2023,1,17,"56,887.70"
1465,326,2023,1,18,"56,457.77"
1466,325,2023,1,19,"56,472.30"
1467,324,2023,1,20,"57,656.61"
1468,323,2023,1,23,"57,574.17"
1469,322,2023,1,24,"57,623.13"
1470,321,2023,1,25,"57,794.70"
1471,320,2023,1,26,"58,206.41"
1472,319,2023,1,27,"57,667.18"
1473,318,2023,1,30,"57,736.05"
1474,317,2023,1,31,"57,858.13"
1475,316,2023,2,1,"58,199.99"
1476,315,2023,2,2,"58,892.02"
1477,314,2023,2,3,"57,912.48"
1478,313,2023,2,6,"56,477.21"
1479,312,2023,2,7,"56,429.73"
1480,311,2023,2,8,"56,762.68"
1481,310,2023,2,9,"56,958.93"
1482,309,2023,2,10,"56,780.21"
1483,308,2023,2,13,"56,959.68"
1484,307,2023,2,14,"56,576.10"
1485,306,2023,2,15,"56,733.02"
1486,305,2023,2,16,"56,078.05"
1487,304,2023,2,17,"56,136.82"
1488,303,2023,2,20,"56,424.45"
1489,302,2023,2,21,"56,292.03"
1490,301,2023,2,22,"56,156.79"
1491,300,2023,2,23,"55,965.91"
1492,299,2023,2,24,"55,846.05"
1493,298,2023,2,27,"55,501.73"
1494,297,2023,2,28,"55,622.61"
1495,296,2023,3,1,"55,992.48"
1496,295,2023,3,2,"56,273.64"
1497,294,2023,3,3,"56,475.32"
1498,293,2023,3,6,"57,042.89"
1499,292,2023,3,7,"56,932.74"
1500,291,2023,3,8,"55,729.12"
1501,290,2023,3,9,"56,013.45"
1502,289,2023,3,10,"56,623.29"
1503,288,2023,3,13,"57,845.77"
1504,287,2023,3,14,"59,125.66"
1505,286,2023,3,15,"58,790.34"
1506,285,2023,3,16,"59,277.93"
1507,284,2023,3,17,"59,140.02"
1508,283,2023,3,20,"61,515.96"
1509,282,2023,3,21,"61,145.14"
1510,281,2023,3,22,"59,948.16"
1511,280,2023,3,23,"60,896.04"
1512,279,2023,3,24,"61,704.45"
1513,278,2023,3,27,"61,109.71"
1514,277,2023,3,28,"60,521.27"
1515,276,2023,3,29,"60,954.25"
1516,275,2023,3,30,"60,475.64"
1517,274,2023,3,31,"61,197.30"
1518,273,2023,4,3,"60,899.14"
1519,272,2023,4,4,"61,350.18"
1520,271,2023,4,5,"62,433.67"
1521,270,2023,4,6,"62,483.98"
1522,269,2023,4,7,"62,045.33"
1523,268,2023,4,10,"62,056.37"
1524,267,2023,4,11,"61,508.57"
1525,266,2023,4,12,"61,686.54"
1526,265,2023,4,13,"62,280.20"
1527,264,2023,4,14,"63,034.10"
1528,263,2023,4,17,"61,857.20"
1529,262,2023,4,18,"61,629.91"
1530,261,2023,4,19,"61,997.95"
1531,260,2023,4,20,"61,615.98"
1532,259,2023,4,21,"61,918.80"
1533,258,2023,4,24,"61,223.48"
1534,257,2023,4,25,"61,482.04"
1535,256,2023,4,26,"61,694.16"
1536,255,2023,4,27,"61,535.07"
1537,254,2023,4,28,"61,390.73"
1538,253,2023,5,1,"61,532.62"
1539,252,2023,5,2,"61,280.55"
1540,251,2023,5,3,"62,317.14"
1541,250,2023,5,4,"63,084.20"
1542,249,2023,5,5,"63,469.53"
1543,248,2023,5,8,"62,292.89"
1544,247,2023,5,9,"62,508.09"
1545,246,2023,5,10,"62,866.95"
1546,245,2023,5,11,"62,725.63"
1547,244,2023,5,12,"62,307.73"
1548,243,2023,5,15,"62,162.16"
1549,242,2023,5,16,"62,307.25"
1550,241,2023,5,17,"61,462.94"
1551,240,2023,5,18,"61,239.09"
1552,239,2023,5,19,"60,469.30"
1553,238,2023,5,22,"61,113.89"
1554,237,2023,5,23,"60,933.70"
1555,236,2023,5,24,"60,822.02"
1556,235,2023,5,25,"60,475.95"
1557,234,2023,5,26,"59,951.34"
1558,233,2023,5,29,"60,072.58"
1559,232,2023,5,30,"60,075.66"
1560,231,2023,5,31,"60,553.86"
1561,230,2023,6,1,"60,632.82"
1562,229,2023,6,2,"61,109.99"
1563,228,2023,6,5,"60,180.71"
1564,227,2023,6,6,"60,440.73"
1565,226,2023,6,7,"60,672.57"
1566,225,2023,6,8,"60,042.36"
1567,224,2023,6,9,"60,912.59"
1568,223,2023,6,12,"60,571.74"
1569,222,2023,6,13,"60,498.70"
1570,221,2023,6,14,"60,061.25"
1571,220,2023,6,15,"60,028.52"
1572,219,2023,6,16,"60,501.02"
1573,218,2023,6,19,"60,502.09"
1574,217,2023,6,20,"60,282.69"
1575,216,2023,6,21,"59,848.04"
1576,215,2023,6,22,"59,716.13"
1577,214,2023,6,23,"59,182.02"
1578,213,2023,6,26,"59,460.74"
1579,212,2023,6,27,"59,431.54"
1580,211,2023,6,28,"59,132.60"
1581,210,2023,6,29,"58,935.95"
1582,209,2023,6,30,"58,975.50"
1583,208,2023,7,3,"59,309.34"
1584,207,2023,7,4,"59,380.13"
1585,206,2023,7,5,"59,510.32"
1586,205,2023,7,6,"59,178.00"
1587,204,2023,7,7,"59,051.48"
1588,203,2023,7,10,"59,488.55"
1589,202,2023,7,11,"59,517.55"
1590,201,2023,7,12,"59,748.45"
1591,200,2023,7,13,"60,542.38"
1592,199,2023,7,14,"60,576.68"
1593,198,2023,7,17,"60,406.29"
1594,197,2023,7,18,"60,408.13"
1595,196,2023,7,19,"61,141.08"
1596,195,2023,7,20,"60,880.77"
1597,194,2023,7,21,"60,666.55"
1598,193,2023,7,24,"60,628.77"
1599,192,2023,7,25,"60,400.34"
1600,191,2023,7,26,"60,725.36"
1601,190,2023,7,27,"60,944.25"
1602,189,2023,7,28,"60,131.57"
1603,188,2023,7,31,"60,548.44"
1604,187,2023,8,1,"60,720.75"
1605,186,2023,8,2,"60,084.34"
1606,185,2023,8,3,"59,769.58"
1607,184,2023,8,4,"59,859.21"
1608,183,2023,8,7,"59,840.56"
1609,182,2023,8,8,"59,840.84"
1610,181,2023,8,9,"59,444.64"
1611,180,2023,8,10,"59,155.81"
1612,179,2023,8,11,"59,089.16"
1613,178,2023,8,14,"59,227.99"
1614,177,2023,8,15,"58,932.00"
1615,176,2023,8,16,"58,771.44"
1616,175,2023,8,17,"58,456.27"
1617,174,2023,8,18,"58,358.02"
1618,173,2023,8,21,"58,429.71"
1619,172,2023,8,22,"58,560.73"
1620,171,2023,8,23,"58,629.20"
1621,170,2023,8,24,"59,174.64"
1622,169,2023,8,25,"59,229.57"
1623,168,2023,8,28,"59,015.78"
1624,167,2023,8,29,"59,334.93"
1625,166,2023,8,30,"59,965.73"
1626,165,2023,8,31,"60,019.32"
1627,164,2023,9,1,"59,936.18"
1628,163,2023,9,4,"60,058.23"
1629,162,2023,9,5,"59,902.61"
1630,161,2023,9,6,"59,565.45"
1631,160,2023,9,7,"59,224.61"
1632,159,2023,9,8,"59,357.27"
1633,158,2023,9,11,"59,388.41"
1634,157,2023,9,12,"59,399.07"
1635,156,2023,9,13,"59,130.86"
1636,155,2023,9,14,"58,967.57"
1637,154,2023,9,15,"59,147.07"
1638,153,2023,9,18,"59,544.21"
1639,152,2023,9,19,"59,760.48"
1640,151,2023,9,20,"59,670.02"
1641,150,2023,9,21,"59,647.06"
1642,149,2023,9,22,"59,329.14"
1643,148,2023,9,25,"59,557.30"
1644,147,2023,9,26,"59,249.08"
1645,146,2023,9,27,"58,778.86"
1646,145,2023,9,28,"57,938.75"
1647,144,2023,9,29,"57,623.46"
1648,143,2023,10,2,"57,107.23"
1649,142,2023,10,3,"56,527.25"
1650,141,2023,10,4,"56,377.37"
1651,140,2023,10,5,"56,098.99"
1652,139,2023,10,6,"56,065.56"
1653,138,2023,10,9,"56,631.69"
1654,137,2023,10,10,"57,516.55"
1655,136,2023,10,11,"57,484.86"
1656,135,2023,10,12,"57,949.37"
1657,134,2023,10,13,"57,699.23"
1658,133,2023,10,16,"59,744.10"
1659,132,2023,10,17,"59,365.43"
1660,131,2023,10,18,"59,420.59"
1661,130,2023,10,19,"60,238.07"
1662,129,2023,10,20,"61,011.44"
1663,128,2023,10,23,"61,225.90"
1664,127,2023,10,24,"60,922.00"
1665,126,2023,10,25,"60,952.68"
1666,125,2023,10,26,"61,176.38"
1667,124,2023,10,27,"61,329.14"
1668,123,2023,10,30,"61,948.20"
1669,122,2023,10,31,"61,676.98"
1670,121,2023,11,1,"61,354.20"
1671,120,2023,11,2,"61,274.21"
1672,119,2023,11,3,"61,383.95"
1673,118,2023,11,6,"61,561.95"
1674,117,2023,11,7,"61,114.38"
1675,116,2023,11,8,"60,653.26"
1676,115,2023,11,9,"60,260.12"
1677,114,2023,11,10,"60,539.55"
1678,113,2023,11,13,"59,854.87"
1679,112,2023,11,14,"60,148.83"
1680,111,2023,11,15,"60,718.41"
1681,110,2023,11,16,"60,597.23"
1682,109,2023,11,17,"61,288.51"
1683,108,2023,11,20,"61,194.08"
1684,107,2023,11,21,"61,185.49"
1685,106,2023,11,22,"61,752.82"
1686,105,2023,11,23,"61,475.92"
1687,104,2023,11,24,"61,616.62"
1688,103,2023,11,27,"61,885.77"
1689,102,2023,11,28,"62,243.27"
1690,101,2023,11,29,"63,114.95"
1691,100,2023,11,30,"63,269.59"
1692,99,2023,12,1,"62,928.75"
1693,98,2023,12,4,"64,001.65"
1694,97,2023,12,5,"62,762.02"
1695,96,2023,12,6,"62,193.73"
1696,95,2023,12,7,"62,688.20"
1697,94,2023,12,8,"62,700.70"
1698,93,2023,12,11,"61,911.27"
1699,92,2023,12,12,"61,290.14"
1700,91,2023,12,13,"61,217.13"
1701,90,2023,12,14,"62,656.41"
1702,89,2023,12,15,"62,930.70"
1703,88,2023,12,18,"62,491.66"
1704,87,2023,12,19,"62,622.77"
1705,86,2023,12,20,"63,096.52"
1706,85,2023,12,21,"62,803.85"
1707,84,2023,12,22,"63,219.41"
1708,83,2023,12,25,"63,446.82"
1709,82,2023,12,26,"63,624.59"
1710,81,2023,12,27,"63,901.41"
1711,80,2023,12,28,"64,018.79"
1712,79,2023,12,29,"63,878.00"
1713,78,2024,1,1,"63,743.77"
1714,77,2024,1,2,"63,743.77"
1715,76,2024,1,3,"63,673.22"
1716,75,2024,1,4,"63,130.61"
1717,74,2024,1,5,"62,929.23"
1718,73,2024,1,8,"62,957.88"
1719,72,2024,1,9,"62,681.64"
1720,71,2024,1,10,"62,732.92"
1721,70,2024,1,11,"62,549.66"
1722,69,2024,1,12,"62,719.30"
1723,68,2024,1,15,"63,286.18"
1724,67,2024,1,16,"63,578.92"
1725,66,2024,1,17,"62,677.73"
1726,65,2024,1,18,"62,022.86"
1727,64,2024,1,19,"62,514.75"
1728,63,2024,1,22,"62,723.81"
1729,62,2024,1,23,"62,470.59"
1730,61,2024,1,24,"62,684.91"
1731,60,2024,1,25,"62,238.00"
1732,59,2024,1,26,"62,445.10"
1733,58,2024,1,29,"62,470.00"
1734,57,2024,1,30,"62,810.06"
1735,56,2024,1,31,"63,023.23"
1736,55,2024,2,1,"63,045.60"
1737,54,2024,2,2,"63,523.05"
1738,53,2024,2,5,"63,033.13"
1739,52,2024,2,6,"62,572.71"
1740,51,2024,2,7,"62,915.51"
1741,50,2024,2,8,"62,885.43"
1742,49,2024,2,9,"62,861.79"
1743,48,2024,2,12,"62,557.84"
1744,47,2024,2,13,"62,421.11"
1745,46,2024,2,14,"61,646.94"
1746,45,2024,2,15,"61,543.75"
1747,44,2024,2,16,"61,951.01"
1748,43,2024,2,19,"62,206.50"
1749,42,2024,2,20,"62,356.11"
1750,41,2024,2,21,"62,630.46"
1751,40,2024,2,22,"62,605.73"
1752,39,2024,2,23,"62,556.09"
1753,38,2024,2,26,"62,967.52"
1754,37,2024,2,27,"62,835.13"
1755,36,2024,2,28,"62,737.46"
1756,35,2024,2,29,"62,946.04"
1757,34,2024,3,1,"63,164.02"
1758,33,2024,3,4,"64,426.22"
1759,32,2024,3,5,"65,334.86"
1760,31,2024,3,6,"65,765.92"
1761,30,2024,3,7,"106,451.01"
1762,29,2024,3,8,"106,599.23"
1763,28,2024,3,11,"107,041.10"
1764,27,2024,3,12,"107,065.05"
1765,26,2024,3,13,"105,328.96"
1766,25,2024,3,14,"105,350.18"
1767,24,2024,3,15,"103,373.54"
1768,23,2024,3,18,"101,849.26"
1769,22,2024,3,19,"101,765.58"
1770,21,2024,3,20,"101,512.34"
1771,20,2024,3,21,"102,533.85"
1772,19,2024,3,22,"101,756.42"
1773,18,2024,3,25,"100,904.45"
1774,17,2024,3,26,"102,952.66"
1775,16,2024,3,27,"104,194.83"
1776,15,2024,3,28,"103,702.27"
1777,14,2024,4,1,"105,837.42"
1778,13,2024,4,2,"106,163.67"
1779,12,2024,4,3,"107,532.05"
1780,11,2024,4,4,"108,883.95"
1781,10,2024,4,5,"108,456.38"
1782,9,2024,4,8,"110,410.91"
1783,8,2024,4,9,"111,219.28"
1784,7,2024,4,10,"111,882.44"
1785,6,2024,4,11,"110,951.17"
1786,5,2024,4,12,"112,780.77"
1787,4,2024,4,15,"111,520.89"
1788,3,2024,4,16,"114,982.59"
1789,2,2024,4,17,"115,568.08"
1790,1,2024,4,18,"114,847.77"
1791,0,2024,4,19,"115,015.51"
